timestamp_s,temperature_c,humidity_percent,pressure_hpa,source,has_humidity,has_pressure
1790290690.000000,58.950000,0.000000,0.000000,cpu,0,0
1790290691.000000,58.400000,0.000000,0.000000,cpu,0,0
1790290692.000000,57.850000,0.000000,0.000000,cpu,0,0
1790290693.000000,57.300000,0.000000,0.000000,cpu,0,0
1790290694.000000,56.200000,0.000000,0.000000,cpu,0,0
1790290695.000000,56.200000,0.000000,0.000000,cpu,0,0
1790290696.000000,56.200000,0.000000,0.000000,cpu,0,0
1790290697.000000,55.650000,0.000000,0.000000,cpu,0,0
1790290698.000000,55.650000,0.000000,0.000000,cpu,0,0
1790290699.000000,55.100000,0.000000,0.000000,cpu,0,0
1790290700.000000,54.550000,0.000000,0.000000,cpu,0,0
1790290701.000000,55.100000,0.000000,0.000000,cpu,0,0
1790290702.000000,55.100000,0.000000,0.000000,cpu,0,0
1790290703.000000,55.100000,0.000000,0.000000,cpu,0,0
1790290704.000000,54.550000,0.000000,0.000000,cpu,0,0
1790290705.000000,53.450000,0.000000,0.000000,cpu,0,0
1790290706.000000,54.000000,0.000000,0.000000,cpu,0,0
1790290707.000000,54.000000,0.000000,0.000000,cpu,0,0
1790290708.000000,54.000000,0.000000,0.000000,cpu,0,0
1790290709.000000,54.000000,0.000000,0.000000,cpu,0,0
1790290710.000000,53.450000,0.000000,0.000000,cpu,0,0
1790290711.000000,53.450000,0.000000,0.000000,cpu,0,0
1790290712.000000,53.450000,0.000000,0.000000,cpu,0,0
1790290713.000000,54.000000,0.000000,0.000000,cpu,0,0
1790290714.000000,55.100000,0.000000,0.000000,cpu,0,0
1790290715.000000,52.900000,0.000000,0.000000,cpu,0,0
1790290716.000000,52.900000,0.000000,0.000000,cpu,0,0
1790290717.000000,52.900000,0.000000,0.000000,cpu,0,0
1790290718.000000,53.450000,0.000000,0.000000,cpu,0,0
1790290719.000000,52.350000,0.000000,0.000000,cpu,0,0
1790290720.000000,52.900000,0.000000,0.000000,cpu,0,0
1790290721.000000,53.450000,0.000000,0.000000,cpu,0,0
1790290722.000000,52.350000,0.000000,0.000000,cpu,0,0
1790290723.000000,52.900000,0.000000,0.000000,cpu,0,0
1790290724.000000,52.350000,0.000000,0.000000,cpu,0,0
1790290725.000000,52.350000,0.000000,0.000000,cpu,0,0
1790290726.000000,52.350000,0.000000,0.000000,cpu,0,0
1790290727.000000,52.350000,0.000000,0.000000,cpu,0,0
1790290728.000000,52.350000,0.000000,0.000000,cpu,0,0
1790290729.000000,52.350000,0.000000,0.000000,cpu,0,0
1790290730.000000,54.000000,0.000000,0.000000,cpu,0,0
1790290731.000000,52.350000,0.000000,0.000000,cpu,0,0
1790290732.000000,52.900000,0.000000,0.000000,cpu,0,0
1790290733.000000,51.800000,0.000000,0.000000,cpu,0,0
1790290734.000000,53.450000,0.000000,0.000000,cpu,0,0
1790290735.000000,51.800000,0.000000,0.000000,cpu,0,0
1790290736.000000,52.350000,0.000000,0.000000,cpu,0,0
1790290737.000000,51.800000,0.000000,0.000000,cpu,0,0
1790290738.000000,52.350000,0.000000,0.000000,cpu,0,0
1790290739.000000,51.250000,0.000000,0.000000,cpu,0,0
1790290740.000000,51.800000,0.000000,0.000000,cpu,0,0
1790290741.000000,52.900000,0.000000,0.000000,cpu,0,0
1790290742.000000,51.800000,0.000000,0.000000,cpu,0,0
1790290743.000000,51.800000,0.000000,0.000000,cpu,0,0
1790290744.000000,52.350000,0.000000,0.000000,cpu,0,0
1790290745.000000,51.800000,0.000000,0.000000,cpu,0,0
1790290746.000000,51.800000,0.000000,0.000000,cpu,0,0
1790290747.000000,51.800000,0.000000,0.000000,cpu,0,0
1790290748.000000,53.450000,0.000000,0.000000,cpu,0,0
1790290749.000000,51.800000,0.000000,0.000000,cpu,0,0
1790290750.000000,51.250000,0.000000,0.000000,cpu,0,0
1790290946.000000,51.800000,0.000000,0.000000,cpu,0,0
1790290947.000000,51.250000,0.000000,0.000000,cpu,0,0
1790290948.000000,51.250000,0.000000,0.000000,cpu,0,0
1790290949.000000,51.250000,0.000000,0.000000,cpu,0,0
1790290950.000000,51.800000,0.000000,0.000000,cpu,0,0
1790290951.000000,51.800000,0.000000,0.000000,cpu,0,0
1790290952.000000,51.800000,0.000000,0.000000,cpu,0,0
1790290953.000000,51.800000,0.000000,0.000000,cpu,0,0
1790290954.000000,52.900000,0.000000,0.000000,cpu,0,0
1790290955.000000,51.800000,0.000000,0.000000,cpu,0,0
1790290956.000000,51.250000,0.000000,0.000000,cpu,0,0
1790290957.000000,51.800000,0.000000,0.000000,cpu,0,0
1790290958.000000,51.250000,0.000000,0.000000,cpu,0,0
1790290959.000000,51.250000,0.000000,0.000000,cpu,0,0
1790290960.000000,51.250000,0.000000,0.000000,cpu,0,0
1790290961.000000,51.800000,0.000000,0.000000,cpu,0,0
1790290962.000000,51.250000,0.000000,0.000000,cpu,0,0
1790290963.000000,51.250000,0.000000,0.000000,cpu,0,0
1790290964.000000,51.800000,0.000000,0.000000,cpu,0,0
1790290965.000000,51.250000,0.000000,0.000000,cpu,0,0
1790290966.000000,50.150000,0.000000,0.000000,cpu,0,0
1790290967.000000,51.250000,0.000000,0.000000,cpu,0,0
1790290968.000000,52.350000,0.000000,0.000000,cpu,0,0
1790290969.000000,50.700000,0.000000,0.000000,cpu,0,0
1790290970.000000,51.250000,0.000000,0.000000,cpu,0,0
1790290971.000000,51.250000,0.000000,0.000000,cpu,0,0
1790290972.000000,50.150000,0.000000,0.000000,cpu,0,0
1790290973.000000,50.150000,0.000000,0.000000,cpu,0,0
1790290974.000000,51.800000,0.000000,0.000000,cpu,0,0
1790290975.000000,50.700000,0.000000,0.000000,cpu,0,0
1790290976.000000,51.800000,0.000000,0.000000,cpu,0,0
1790290977.000000,51.250000,0.000000,0.000000,cpu,0,0
1790290978.000000,50.700000,0.000000,0.000000,cpu,0,0
1790290979.000000,50.700000,0.000000,0.000000,cpu,0,0
1790290980.000000,51.250000,0.000000,0.000000,cpu,0,0
1790290981.000000,51.250000,0.000000,0.000000,cpu,0,0
1790290982.000000,51.250000,0.000000,0.000000,cpu,0,0
1790290983.000000,51.250000,0.000000,0.000000,cpu,0,0
1790290984.000000,51.250000,0.000000,0.000000,cpu,0,0
1790290985.000000,51.250000,0.000000,0.000000,cpu,0,0
1790290986.000000,51.800000,0.000000,0.000000,cpu,0,0
1790290987.000000,51.250000,0.000000,0.000000,cpu,0,0
1790290988.000000,50.150000,0.000000,0.000000,cpu,0,0
1790290989.000000,51.800000,0.000000,0.000000,cpu,0,0
1790290990.000000,51.800000,0.000000,0.000000,cpu,0,0
1790290991.000000,50.700000,0.000000,0.000000,cpu,0,0
1790290992.000000,51.800000,0.000000,0.000000,cpu,0,0
1790290993.000000,51.250000,0.000000,0.000000,cpu,0,0
1790290994.000000,51.250000,0.000000,0.000000,cpu,0,0
1790290995.000000,51.250000,0.000000,0.000000,cpu,0,0
1790290996.000000,51.250000,0.000000,0.000000,cpu,0,0
1790290997.000000,51.250000,0.000000,0.000000,cpu,0,0
1790290998.000000,50.700000,0.000000,0.000000,cpu,0,0
1790290999.000000,51.250000,0.000000,0.000000,cpu,0,0
1790291000.000000,51.250000,0.000000,0.000000,cpu,0,0
1790291001.000000,51.800000,0.000000,0.000000,cpu,0,0
1790291002.000000,52.350000,0.000000,0.000000,cpu,0,0
1790291003.000000,51.250000,0.000000,0.000000,cpu,0,0
1790291004.000000,51.250000,0.000000,0.000000,cpu,0,0
1790291005.000000,51.250000,0.000000,0.000000,cpu,0,0
1790291006.000000,50.150000,0.000000,0.000000,cpu,0,0
1790291017.000000,51.250000,0.000000,0.000000,cpu,0,0
1790291018.000000,51.800000,0.000000,0.000000,cpu,0,0
1790291019.000000,51.250000,0.000000,0.000000,cpu,0,0
1790291020.000000,51.250000,0.000000,0.000000,cpu,0,0
1790291021.000000,50.700000,0.000000,0.000000,cpu,0,0
1790291022.000000,51.250000,0.000000,0.000000,cpu,0,0
1790291023.000000,51.250000,0.000000,0.000000,cpu,0,0
1790291024.000000,50.700000,0.000000,0.000000,cpu,0,0
1790291025.000000,50.150000,0.000000,0.000000,cpu,0,0
1790291026.000000,50.150000,0.000000,0.000000,cpu,0,0
1790291027.000000,51.250000,0.000000,0.000000,cpu,0,0
1790291028.000000,51.250000,0.000000,0.000000,cpu,0,0
1790291029.000000,50.700000,0.000000,0.000000,cpu,0,0
1790291030.000000,51.250000,0.000000,0.000000,cpu,0,0
1790291031.000000,51.250000,0.000000,0.000000,cpu,0,0
1790291032.000000,51.250000,0.000000,0.000000,cpu,0,0
1790291033.000000,51.250000,0.000000,0.000000,cpu,0,0
1790291034.000000,51.250000,0.000000,0.000000,cpu,0,0
1790291035.000000,50.700000,0.000000,0.000000,cpu,0,0
1790291036.000000,51.250000,0.000000,0.000000,cpu,0,0
1790291037.000000,51.250000,0.000000,0.000000,cpu,0,0
1790291038.000000,51.250000,0.000000,0.000000,cpu,0,0
1790291039.000000,51.800000,0.000000,0.000000,cpu,0,0
1790291040.000000,50.150000,0.000000,0.000000,cpu,0,0
1790291041.000000,51.250000,0.000000,0.000000,cpu,0,0
1790291042.000000,50.700000,0.000000,0.000000,cpu,0,0
1790291043.000000,51.250000,0.000000,0.000000,cpu,0,0
1790291044.000000,50.150000,0.000000,0.000000,cpu,0,0
1790291045.000000,50.700000,0.000000,0.000000,cpu,0,0
1790291046.000000,51.250000,0.000000,0.000000,cpu,0,0
1790291047.000000,51.800000,0.000000,0.000000,cpu,0,0
1790291048.000000,50.150000,0.000000,0.000000,cpu,0,0
1790291049.000000,51.250000,0.000000,0.000000,cpu,0,0
1790291050.000000,51.250000,0.000000,0.000000,cpu,0,0
1790291051.000000,50.700000,0.000000,0.000000,cpu,0,0
1790291052.000000,52.350000,0.000000,0.000000,cpu,0,0
1790291053.000000,51.250000,0.000000,0.000000,cpu,0,0
1790291054.000000,51.800000,0.000000,0.000000,cpu,0,0
1790291055.000000,50.700000,0.000000,0.000000,cpu,0,0
1790291056.000000,50.150000,0.000000,0.000000,cpu,0,0
1790291057.000000,50.700000,0.000000,0.000000,cpu,0,0
1790291058.000000,50.700000,0.000000,0.000000,cpu,0,0
1790291059.000000,50.700000,0.000000,0.000000,cpu,0,0
1790291060.000000,50.700000,0.000000,0.000000,cpu,0,0
1790291061.000000,51.250000,0.000000,0.000000,cpu,0,0
1790291062.000000,51.250000,0.000000,0.000000,cpu,0,0
1790291063.000000,51.250000,0.000000,0.000000,cpu,0,0
1790291064.000000,51.250000,0.000000,0.000000,cpu,0,0
1790291065.000000,51.250000,0.000000,0.000000,cpu,0,0
1790291066.000000,50.700000,0.000000,0.000000,cpu,0,0
1790291067.000000,50.700000,0.000000,0.000000,cpu,0,0
1790291068.000000,52.350000,0.000000,0.000000,cpu,0,0
1790291069.000000,50.700000,0.000000,0.000000,cpu,0,0
1790291070.000000,49.600000,0.000000,0.000000,cpu,0,0
1790291071.000000,51.250000,0.000000,0.000000,cpu,0,0
1790291072.000000,51.250000,0.000000,0.000000,cpu,0,0
1790291073.000000,50.700000,0.000000,0.000000,cpu,0,0
1790291074.000000,51.250000,0.000000,0.000000,cpu,0,0
1790291075.000000,51.250000,0.000000,0.000000,cpu,0,0
1790291076.000000,51.250000,0.000000,0.000000,cpu,0,0
1790291077.000000,51.250000,0.000000,0.000000,cpu,0,0
1790348199.000000,46.300000,0.000000,0.000000,cpu,0,0
1790348200.000000,46.850000,0.000000,0.000000,cpu,0,0
1790348201.000000,46.300000,0.000000,0.000000,cpu,0,0
1790348202.000000,45.200000,0.000000,0.000000,cpu,0,0
1790348203.000000,45.750000,0.000000,0.000000,cpu,0,0
1790348204.000000,45.750000,0.000000,0.000000,cpu,0,0
1790348205.000000,46.300000,0.000000,0.000000,cpu,0,0
1790348206.000000,45.200000,0.000000,0.000000,cpu,0,0
1790348207.000000,45.750000,0.000000,0.000000,cpu,0,0
1790348208.000000,45.750000,0.000000,0.000000,cpu,0,0
1790348209.000000,46.850000,0.000000,0.000000,cpu,0,0
1790348210.000000,47.400000,0.000000,0.000000,cpu,0,0
1790348211.000000,46.300000,0.000000,0.000000,cpu,0,0
1790348212.000000,46.300000,0.000000,0.000000,cpu,0,0
1790348213.000000,46.300000,0.000000,0.000000,cpu,0,0
1790348214.000000,46.300000,0.000000,0.000000,cpu,0,0
1790348215.000000,47.400000,0.000000,0.000000,cpu,0,0
1790348216.000000,46.300000,0.000000,0.000000,cpu,0,0
1790348217.000000,45.750000,0.000000,0.000000,cpu,0,0
1790348218.000000,46.300000,0.000000,0.000000,cpu,0,0
1790348219.000000,45.750000,0.000000,0.000000,cpu,0,0
1790348220.000000,46.850000,0.000000,0.000000,cpu,0,0
1790348221.000000,45.750000,0.000000,0.000000,cpu,0,0
1790348222.000000,45.750000,0.000000,0.000000,cpu,0,0
1790348223.000000,45.750000,0.000000,0.000000,cpu,0,0
1790348224.000000,46.850000,0.000000,0.000000,cpu,0,0
1790348225.000000,46.300000,0.000000,0.000000,cpu,0,0
1790348226.000000,45.750000,0.000000,0.000000,cpu,0,0
1790348227.000000,45.750000,0.000000,0.000000,cpu,0,0
1790348228.000000,46.850000,0.000000,0.000000,cpu,0,0
1790348229.000000,46.300000,0.000000,0.000000,cpu,0,0
1790348230.000000,47.400000,0.000000,0.000000,cpu,0,0
1790348231.000000,46.300000,0.000000,0.000000,cpu,0,0
1790348232.000000,46.300000,0.000000,0.000000,cpu,0,0
1790348233.000000,46.300000,0.000000,0.000000,cpu,0,0
1790348234.000000,46.300000,0.000000,0.000000,cpu,0,0
1790348235.000000,46.300000,0.000000,0.000000,cpu,0,0
1790348236.000000,46.300000,0.000000,0.000000,cpu,0,0
1790348237.000000,46.300000,0.000000,0.000000,cpu,0,0
1790348238.000000,46.300000,0.000000,0.000000,cpu,0,0
1790348239.000000,46.300000,0.000000,0.000000,cpu,0,0
1790348240.000000,46.850000,0.000000,0.000000,cpu,0,0
1790348241.000000,46.850000,0.000000,0.000000,cpu,0,0
1790348242.000000,46.850000,0.000000,0.000000,cpu,0,0
1790348243.000000,46.300000,0.000000,0.000000,cpu,0,0
1790348244.000000,46.300000,0.000000,0.000000,cpu,0,0
1790348245.000000,47.400000,0.000000,0.000000,cpu,0,0
1790348246.000000,46.300000,0.000000,0.000000,cpu,0,0
1790348247.000000,46.850000,0.000000,0.000000,cpu,0,0
1790348248.000000,46.850000,0.000000,0.000000,cpu,0,0
1790348249.000000,46.850000,0.000000,0.000000,cpu,0,0
1790348250.000000,46.300000,0.000000,0.000000,cpu,0,0
1790348251.000000,46.850000,0.000000,0.000000,cpu,0,0
1790348252.000000,45.750000,0.000000,0.000000,cpu,0,0
1790348253.000000,46.300000,0.000000,0.000000,cpu,0,0
1790348254.000000,46.850000,0.000000,0.000000,cpu,0,0
1790348255.000000,46.850000,0.000000,0.000000,cpu,0,0
1790348256.000000,47.400000,0.000000,0.000000,cpu,0,0
1790348257.000000,46.850000,0.000000,0.000000,cpu,0,0
1790348258.000000,46.850000,0.000000,0.000000,cpu,0,0
1790348259.000000,46.850000,0.000000,0.000000,cpu,0,0
1790348309.000000,52.900000,0.000000,0.000000,cpu,0,0
1790348310.000000,51.250000,0.000000,0.000000,cpu,0,0
1790348311.000000,51.800000,0.000000,0.000000,cpu,0,0
1790348312.000000,51.800000,0.000000,0.000000,cpu,0,0
1790348313.000000,51.800000,0.000000,0.000000,cpu,0,0
1790348314.000000,51.250000,0.000000,0.000000,cpu,0,0
1790348315.000000,50.700000,0.000000,0.000000,cpu,0,0
1790348316.000000,51.250000,0.000000,0.000000,cpu,0,0
1790348317.000000,50.700000,0.000000,0.000000,cpu,0,0
1790348318.000000,50.700000,0.000000,0.000000,cpu,0,0
1790348319.000000,50.150000,0.000000,0.000000,cpu,0,0
1790348320.000000,50.150000,0.000000,0.000000,cpu,0,0
1790348321.000000,50.700000,0.000000,0.000000,cpu,0,0
1790348322.000000,50.150000,0.000000,0.000000,cpu,0,0
1790348323.000000,50.700000,0.000000,0.000000,cpu,0,0
1790348324.000000,49.600000,0.000000,0.000000,cpu,0,0
1790348325.000000,49.600000,0.000000,0.000000,cpu,0,0
1790348326.000000,50.150000,0.000000,0.000000,cpu,0,0
1790348327.000000,49.600000,0.000000,0.000000,cpu,0,0
1790348328.000000,50.150000,0.000000,0.000000,cpu,0,0
1790348329.000000,50.150000,0.000000,0.000000,cpu,0,0
1790348330.000000,50.700000,0.000000,0.000000,cpu,0,0
1790348331.000000,49.600000,0.000000,0.000000,cpu,0,0
1790348332.000000,49.600000,0.000000,0.000000,cpu,0,0
1790348333.000000,49.050000,0.000000,0.000000,cpu,0,0
1790348334.000000,50.150000,0.000000,0.000000,cpu,0,0
1790348335.000000,49.050000,0.000000,0.000000,cpu,0,0
1790348336.000000,49.600000,0.000000,0.000000,cpu,0,0
1790348337.000000,49.600000,0.000000,0.000000,cpu,0,0
1790348338.000000,50.150000,0.000000,0.000000,cpu,0,0
1790348339.000000,48.500000,0.000000,0.000000,cpu,0,0
1790348340.000000,49.050000,0.000000,0.000000,cpu,0,0
1790348341.000000,49.050000,0.000000,0.000000,cpu,0,0
1790348342.000000,49.050000,0.000000,0.000000,cpu,0,0
1790348343.000000,49.050000,0.000000,0.000000,cpu,0,0
1790348344.000000,49.600000,0.000000,0.000000,cpu,0,0
1790348345.000000,49.050000,0.000000,0.000000,cpu,0,0
1790348346.000000,49.050000,0.000000,0.000000,cpu,0,0
1790348347.000000,49.600000,0.000000,0.000000,cpu,0,0
1790348348.000000,49.050000,0.000000,0.000000,cpu,0,0
1790348349.000000,49.050000,0.000000,0.000000,cpu,0,0
1790348350.000000,49.050000,0.000000,0.000000,cpu,0,0
1790348351.000000,49.050000,0.000000,0.000000,cpu,0,0
1790348352.000000,47.950000,0.000000,0.000000,cpu,0,0
1790348353.000000,49.600000,0.000000,0.000000,cpu,0,0
1790348354.000000,49.050000,0.000000,0.000000,cpu,0,0
1790348355.000000,49.050000,0.000000,0.000000,cpu,0,0
1790348356.000000,49.600000,0.000000,0.000000,cpu,0,0
1790348357.000000,47.950000,0.000000,0.000000,cpu,0,0
1790348358.000000,49.050000,0.000000,0.000000,cpu,0,0
1790348359.000000,49.050000,0.000000,0.000000,cpu,0,0
1790348360.000000,49.050000,0.000000,0.000000,cpu,0,0
1790348361.000000,49.050000,0.000000,0.000000,cpu,0,0
1790348362.000000,49.050000,0.000000,0.000000,cpu,0,0
1790348363.000000,48.500000,0.000000,0.000000,cpu,0,0
1790348364.000000,49.050000,0.000000,0.000000,cpu,0,0
1790348365.000000,48.500000,0.000000,0.000000,cpu,0,0
1790348366.000000,49.050000,0.000000,0.000000,cpu,0,0
1790348367.000000,48.500000,0.000000,0.000000,cpu,0,0
1790348368.000000,49.050000,0.000000,0.000000,cpu,0,0
1790348369.000000,48.500000,0.000000,0.000000,cpu,0,0
1790348373.000000,50.150000,0.000000,0.000000,cpu,0,0
1790348374.000000,49.600000,0.000000,0.000000,cpu,0,0
1790348375.000000,49.050000,0.000000,0.000000,cpu,0,0
1790348376.000000,49.050000,0.000000,0.000000,cpu,0,0
1790348377.000000,49.050000,0.000000,0.000000,cpu,0,0
1790348378.000000,49.050000,0.000000,0.000000,cpu,0,0
1790348379.000000,49.050000,0.000000,0.000000,cpu,0,0
1790348380.000000,48.500000,0.000000,0.000000,cpu,0,0
1790348381.000000,47.950000,0.000000,0.000000,cpu,0,0
1790348382.000000,49.050000,0.000000,0.000000,cpu,0,0
1790348383.000000,49.050000,0.000000,0.000000,cpu,0,0
1790348384.000000,48.500000,0.000000,0.000000,cpu,0,0
1790348385.000000,47.950000,0.000000,0.000000,cpu,0,0
1790348386.000000,49.050000,0.000000,0.000000,cpu,0,0
1790348387.000000,49.600000,0.000000,0.000000,cpu,0,0
1790348388.000000,49.050000,0.000000,0.000000,cpu,0,0
1790348389.000000,48.500000,0.000000,0.000000,cpu,0,0
1790348390.000000,47.950000,0.000000,0.000000,cpu,0,0
1790348391.000000,49.050000,0.000000,0.000000,cpu,0,0
1790348392.000000,49.050000,0.000000,0.000000,cpu,0,0
1790348393.000000,49.050000,0.000000,0.000000,cpu,0,0
1790348394.000000,48.500000,0.000000,0.000000,cpu,0,0
1790348395.000000,48.500000,0.000000,0.000000,cpu,0,0
1790348396.000000,48.500000,0.000000,0.000000,cpu,0,0
1790348397.000000,49.050000,0.000000,0.000000,cpu,0,0
1790348398.000000,47.400000,0.000000,0.000000,cpu,0,0
1790348399.000000,48.500000,0.000000,0.000000,cpu,0,0
1790348400.000000,49.050000,0.000000,0.000000,cpu,0,0
1790348401.000000,47.950000,0.000000,0.000000,cpu,0,0
1790348402.000000,48.500000,0.000000,0.000000,cpu,0,0
1790348403.000000,49.600000,0.000000,0.000000,cpu,0,0
1790348404.000000,48.500000,0.000000,0.000000,cpu,0,0
1790348405.000000,48.500000,0.000000,0.000000,cpu,0,0
1790348406.000000,48.500000,0.000000,0.000000,cpu,0,0
1790348407.000000,48.500000,0.000000,0.000000,cpu,0,0
1790348408.000000,48.500000,0.000000,0.000000,cpu,0,0
1790348409.000000,48.500000,0.000000,0.000000,cpu,0,0
1790348410.000000,48.500000,0.000000,0.000000,cpu,0,0
1790348411.000000,49.050000,0.000000,0.000000,cpu,0,0
1790348412.000000,47.950000,0.000000,0.000000,cpu,0,0
1790348413.000000,47.950000,0.000000,0.000000,cpu,0,0
1790348414.000000,49.600000,0.000000,0.000000,cpu,0,0
1790348415.000000,48.500000,0.000000,0.000000,cpu,0,0
1790348416.000000,49.050000,0.000000,0.000000,cpu,0,0
1790348417.000000,47.950000,0.000000,0.000000,cpu,0,0
1790348418.000000,49.050000,0.000000,0.000000,cpu,0,0
1790348419.000000,47.950000,0.000000,0.000000,cpu,0,0
1790348420.000000,48.500000,0.000000,0.000000,cpu,0,0
1790348421.000000,48.500000,0.000000,0.000000,cpu,0,0
1790348422.000000,48.500000,0.000000,0.000000,cpu,0,0
1790348423.000000,48.500000,0.000000,0.000000,cpu,0,0
1790348424.000000,48.500000,0.000000,0.000000,cpu,0,0
1790348425.000000,49.050000,0.000000,0.000000,cpu,0,0
1790348426.000000,48.500000,0.000000,0.000000,cpu,0,0
1790348427.000000,49.600000,0.000000,0.000000,cpu,0,0
1790348428.000000,48.500000,0.000000,0.000000,cpu,0,0
1790348429.000000,48.500000,0.000000,0.000000,cpu,0,0
1790348430.000000,48.500000,0.000000,0.000000,cpu,0,0
1790348431.000000,48.500000,0.000000,0.000000,cpu,0,0
1790348432.000000,48.500000,0.000000,0.000000,cpu,0,0
1790348433.000000,48.500000,0.000000,0.000000,cpu,0,0
1790348443.000000,47.950000,0.000000,0.000000,cpu,0,0
1790348444.000000,49.600000,0.000000,0.000000,cpu,0,0
1790348445.000000,49.600000,0.000000,0.000000,cpu,0,0
1790348446.000000,48.500000,0.000000,0.000000,cpu,0,0
1790348447.000000,47.950000,0.000000,0.000000,cpu,0,0
1790348448.000000,48.500000,0.000000,0.000000,cpu,0,0
1790348449.000000,48.500000,0.000000,0.000000,cpu,0,0
1790348450.000000,49.050000,0.000000,0.000000,cpu,0,0
1790348451.000000,47.950000,0.000000,0.000000,cpu,0,0
1790348452.000000,48.500000,0.000000,0.000000,cpu,0,0
1790348453.000000,47.950000,0.000000,0.000000,cpu,0,0
1790348454.000000,48.500000,0.000000,0.000000,cpu,0,0
1790348455.000000,49.600000,0.000000,0.000000,cpu,0,0
1790348456.000000,48.500000,0.000000,0.000000,cpu,0,0
1790348457.000000,47.950000,0.000000,0.000000,cpu,0,0
1790348458.000000,48.500000,0.000000,0.000000,cpu,0,0
1790348459.000000,48.500000,0.000000,0.000000,cpu,0,0
1790348460.000000,48.500000,0.000000,0.000000,cpu,0,0
1790348461.000000,49.050000,0.000000,0.000000,cpu,0,0
1790348462.000000,47.950000,0.000000,0.000000,cpu,0,0
1790348463.000000,47.400000,0.000000,0.000000,cpu,0,0
1790348464.000000,48.500000,0.000000,0.000000,cpu,0,0
1790348465.000000,48.500000,0.000000,0.000000,cpu,0,0
1790348466.000000,48.500000,0.000000,0.000000,cpu,0,0
1790348467.000000,47.950000,0.000000,0.000000,cpu,0,0
1790348468.000000,46.850000,0.000000,0.000000,cpu,0,0
1790348469.000000,47.400000,0.000000,0.000000,cpu,0,0
1790348470.000000,48.500000,0.000000,0.000000,cpu,0,0
1790348471.000000,49.050000,0.000000,0.000000,cpu,0,0
1790348472.000000,47.950000,0.000000,0.000000,cpu,0,0
1790348473.000000,46.850000,0.000000,0.000000,cpu,0,0
1790348474.000000,48.500000,0.000000,0.000000,cpu,0,0
1790348475.000000,47.950000,0.000000,0.000000,cpu,0,0
1790348476.000000,47.950000,0.000000,0.000000,cpu,0,0
1790348477.000000,47.950000,0.000000,0.000000,cpu,0,0
1790348478.000000,47.950000,0.000000,0.000000,cpu,0,0
1790348479.000000,47.400000,0.000000,0.000000,cpu,0,0
1790348480.000000,47.950000,0.000000,0.000000,cpu,0,0
1790348481.000000,48.500000,0.000000,0.000000,cpu,0,0
1790348482.000000,47.950000,0.000000,0.000000,cpu,0,0
1790348483.000000,48.500000,0.000000,0.000000,cpu,0,0
1790348484.000000,49.050000,0.000000,0.000000,cpu,0,0
1790348485.000000,49.600000,0.000000,0.000000,cpu,0,0
1790348486.000000,49.050000,0.000000,0.000000,cpu,0,0
1790348487.000000,47.950000,0.000000,0.000000,cpu,0,0
1790348488.000000,48.500000,0.000000,0.000000,cpu,0,0
1790348489.000000,48.500000,0.000000,0.000000,cpu,0,0
1790348490.000000,49.050000,0.000000,0.000000,cpu,0,0
1790348491.000000,47.400000,0.000000,0.000000,cpu,0,0
1790348492.000000,47.950000,0.000000,0.000000,cpu,0,0
1790348493.000000,46.850000,0.000000,0.000000,cpu,0,0
1790348494.000000,48.500000,0.000000,0.000000,cpu,0,0
1790348495.000000,48.500000,0.000000,0.000000,cpu,0,0
1790348496.000000,47.950000,0.000000,0.000000,cpu,0,0
1790348497.000000,46.850000,0.000000,0.000000,cpu,0,0
1790348498.000000,48.500000,0.000000,0.000000,cpu,0,0
1790348499.000000,48.500000,0.000000,0.000000,cpu,0,0
1790348500.000000,48.500000,0.000000,0.000000,cpu,0,0
1790348501.000000,48.500000,0.000000,0.000000,cpu,0,0
1790348502.000000,47.950000,0.000000,0.000000,cpu,0,0
1790348503.000000,48.500000,0.000000,0.000000,cpu,0,0
1790348504.000000,48.500000,0.000000,0.000000,cpu,0,0
1790348505.000000,47.950000,0.000000,0.000000,cpu,0,0
1790348506.000000,47.400000,0.000000,0.000000,cpu,0,0
1790348507.000000,47.950000,0.000000,0.000000,cpu,0,0
1790348508.000000,48.500000,0.000000,0.000000,cpu,0,0
1790348509.000000,48.500000,0.000000,0.000000,cpu,0,0
1790348510.000000,46.300000,0.000000,0.000000,cpu,0,0
1790348511.000000,46.300000,0.000000,0.000000,cpu,0,0
1790348512.000000,48.500000,0.000000,0.000000,cpu,0,0
1790348513.000000,46.850000,0.000000,0.000000,cpu,0,0
1790348514.000000,48.500000,0.000000,0.000000,cpu,0,0
1790348515.000000,47.950000,0.000000,0.000000,cpu,0,0
1790348516.000000,48.500000,0.000000,0.000000,cpu,0,0
1790348517.000000,47.950000,0.000000,0.000000,cpu,0,0
1790348518.000000,48.500000,0.000000,0.000000,cpu,0,0
1790348519.000000,47.950000,0.000000,0.000000,cpu,0,0
1790348520.000000,47.950000,0.000000,0.000000,cpu,0,0
1790348521.000000,48.500000,0.000000,0.000000,cpu,0,0
1790348522.000000,48.500000,0.000000,0.000000,cpu,0,0
1790348523.000000,48.500000,0.000000,0.000000,cpu,0,0
1790348524.000000,48.500000,0.000000,0.000000,cpu,0,0
1790348525.000000,48.500000,0.000000,0.000000,cpu,0,0
1790348526.000000,48.500000,0.000000,0.000000,cpu,0,0
1790348527.000000,48.500000,0.000000,0.000000,cpu,0,0
1790348528.000000,48.500000,0.000000,0.000000,cpu,0,0
1790348529.000000,48.500000,0.000000,0.000000,cpu,0,0
1790348530.000000,49.600000,0.000000,0.000000,cpu,0,0
1790348531.000000,47.950000,0.000000,0.000000,cpu,0,0
1790348532.000000,47.950000,0.000000,0.000000,cpu,0,0
1790348533.000000,47.400000,0.000000,0.000000,cpu,0,0
1790348534.000000,47.950000,0.000000,0.000000,cpu,0,0
1790348535.000000,48.500000,0.000000,0.000000,cpu,0,0
1790348536.000000,47.950000,0.000000,0.000000,cpu,0,0
1790348537.000000,47.950000,0.000000,0.000000,cpu,0,0
1790348538.000000,47.400000,0.000000,0.000000,cpu,0,0
1790348539.000000,48.500000,0.000000,0.000000,cpu,0,0
1790348540.000000,49.600000,0.000000,0.000000,cpu,0,0
1790348541.000000,48.500000,0.000000,0.000000,cpu,0,0
1790348542.000000,47.950000,0.000000,0.000000,cpu,0,0
1790348543.000000,48.500000,0.000000,0.000000,cpu,0,0
1790348544.000000,47.950000,0.000000,0.000000,cpu,0,0
1790348545.000000,47.950000,0.000000,0.000000,cpu,0,0
1790348546.000000,47.950000,0.000000,0.000000,cpu,0,0
1790348547.000000,48.500000,0.000000,0.000000,cpu,0,0
1790348548.000000,47.950000,0.000000,0.000000,cpu,0,0
1790348549.000000,48.500000,0.000000,0.000000,cpu,0,0
1790348550.000000,47.950000,0.000000,0.000000,cpu,0,0
1790348551.000000,48.500000,0.000000,0.000000,cpu,0,0
1790348552.000000,47.400000,0.000000,0.000000,cpu,0,0
1790348553.000000,47.950000,0.000000,0.000000,cpu,0,0
1790348554.000000,47.400000,0.000000,0.000000,cpu,0,0
1790348555.000000,47.400000,0.000000,0.000000,cpu,0,0
1790348556.000000,47.950000,0.000000,0.000000,cpu,0,0
1790348557.000000,47.950000,0.000000,0.000000,cpu,0,0
1790348558.000000,47.950000,0.000000,0.000000,cpu,0,0
1790348559.000000,48.500000,0.000000,0.000000,cpu,0,0
1790348560.000000,46.850000,0.000000,0.000000,cpu,0,0
1790348561.000000,47.950000,0.000000,0.000000,cpu,0,0
1790348562.000000,47.400000,0.000000,0.000000,cpu,0,0
1790348563.000000,49.050000,0.000000,0.000000,cpu,0,0
1790348564.000000,47.950000,0.000000,0.000000,cpu,0,0
1790348574.000000,48.500000,0.000000,0.000000,cpu,0,0
1790348575.000000,48.500000,0.000000,0.000000,cpu,0,0
1790348576.000000,48.500000,0.000000,0.000000,cpu,0,0
1790348577.000000,49.050000,0.000000,0.000000,cpu,0,0
1790348578.000000,47.950000,0.000000,0.000000,cpu,0,0
1790348579.000000,47.400000,0.000000,0.000000,cpu,0,0
1790348580.000000,46.850000,0.000000,0.000000,cpu,0,0
1790348581.000000,47.950000,0.000000,0.000000,cpu,0,0
1790348582.000000,47.400000,0.000000,0.000000,cpu,0,0
1790348583.000000,49.050000,0.000000,0.000000,cpu,0,0
1790348584.000000,47.400000,0.000000,0.000000,cpu,0,0
1790348585.000000,47.950000,0.000000,0.000000,cpu,0,0
1790348586.000000,49.600000,0.000000,0.000000,cpu,0,0
1790348587.000000,49.050000,0.000000,0.000000,cpu,0,0
1790348588.000000,47.950000,0.000000,0.000000,cpu,0,0
1790348589.000000,49.600000,0.000000,0.000000,cpu,0,0
1790348590.000000,48.500000,0.000000,0.000000,cpu,0,0
1790348591.000000,48.500000,0.000000,0.000000,cpu,0,0
1790348592.000000,47.950000,0.000000,0.000000,cpu,0,0
1790348593.000000,47.950000,0.000000,0.000000,cpu,0,0
1790348594.000000,48.500000,0.000000,0.000000,cpu,0,0
1790348595.000000,47.400000,0.000000,0.000000,cpu,0,0
1790348596.000000,48.500000,0.000000,0.000000,cpu,0,0
1790348597.000000,48.500000,0.000000,0.000000,cpu,0,0
1790348598.000000,47.950000,0.000000,0.000000,cpu,0,0
1790348599.000000,47.950000,0.000000,0.000000,cpu,0,0
1790348600.000000,47.400000,0.000000,0.000000,cpu,0,0
1790348601.000000,48.500000,0.000000,0.000000,cpu,0,0
1790348602.000000,47.950000,0.000000,0.000000,cpu,0,0
1790348603.000000,47.950000,0.000000,0.000000,cpu,0,0
1790348604.000000,47.950000,0.000000,0.000000,cpu,0,0
1790348605.000000,49.050000,0.000000,0.000000,cpu,0,0
1790348606.000000,48.500000,0.000000,0.000000,cpu,0,0
1790348607.000000,47.950000,0.000000,0.000000,cpu,0,0
1790348608.000000,48.500000,0.000000,0.000000,cpu,0,0
1790348609.000000,47.400000,0.000000,0.000000,cpu,0,0
1790348610.000000,48.500000,0.000000,0.000000,cpu,0,0
1790348611.000000,48.500000,0.000000,0.000000,cpu,0,0
1790348612.000000,47.400000,0.000000,0.000000,cpu,0,0
1790348613.000000,47.400000,0.000000,0.000000,cpu,0,0
1790348614.000000,48.500000,0.000000,0.000000,cpu,0,0
1790348615.000000,48.500000,0.000000,0.000000,cpu,0,0
1790348616.000000,48.500000,0.000000,0.000000,cpu,0,0
1790348617.000000,47.400000,0.000000,0.000000,cpu,0,0
1790348618.000000,47.950000,0.000000,0.000000,cpu,0,0
1790348619.000000,47.950000,0.000000,0.000000,cpu,0,0
1790348620.000000,49.050000,0.000000,0.000000,cpu,0,0
1790348621.000000,47.950000,0.000000,0.000000,cpu,0,0
1790348622.000000,47.950000,0.000000,0.000000,cpu,0,0
1790348623.000000,47.950000,0.000000,0.000000,cpu,0,0
1790348624.000000,48.500000,0.000000,0.000000,cpu,0,0
1790348625.000000,47.400000,0.000000,0.000000,cpu,0,0
1790348626.000000,48.500000,0.000000,0.000000,cpu,0,0
1790348627.000000,48.500000,0.000000,0.000000,cpu,0,0
1790348628.000000,47.950000,0.000000,0.000000,cpu,0,0
1790348629.000000,48.500000,0.000000,0.000000,cpu,0,0
1790348630.000000,47.950000,0.000000,0.000000,cpu,0,0
1790348631.000000,47.950000,0.000000,0.000000,cpu,0,0
1790348632.000000,47.950000,0.000000,0.000000,cpu,0,0
1790348633.000000,47.400000,0.000000,0.000000,cpu,0,0
1790348634.000000,48.500000,0.000000,0.000000,cpu,0,0
1790348637.000000,47.950000,0.000000,0.000000,cpu,0,0
1790348638.000000,47.950000,0.000000,0.000000,cpu,0,0
1790348639.000000,48.500000,0.000000,0.000000,cpu,0,0
1790348640.000000,48.500000,0.000000,0.000000,cpu,0,0
1790348641.000000,47.950000,0.000000,0.000000,cpu,0,0
1790348642.000000,47.950000,0.000000,0.000000,cpu,0,0
1790348643.000000,48.500000,0.000000,0.000000,cpu,0,0
1790348644.000000,48.500000,0.000000,0.000000,cpu,0,0
1790348645.000000,49.050000,0.000000,0.000000,cpu,0,0
1790348646.000000,48.500000,0.000000,0.000000,cpu,0,0
1790348647.000000,49.050000,0.000000,0.000000,cpu,0,0
1790348648.000000,47.950000,0.000000,0.000000,cpu,0,0
1790348649.000000,47.950000,0.000000,0.000000,cpu,0,0
1790348650.000000,47.400000,0.000000,0.000000,cpu,0,0
1790348651.000000,47.950000,0.000000,0.000000,cpu,0,0
1790348652.000000,47.400000,0.000000,0.000000,cpu,0,0
1790348653.000000,47.950000,0.000000,0.000000,cpu,0,0
1790348654.000000,47.950000,0.000000,0.000000,cpu,0,0
1790348655.000000,48.500000,0.000000,0.000000,cpu,0,0
1790348656.000000,47.400000,0.000000,0.000000,cpu,0,0
1790348657.000000,48.500000,0.000000,0.000000,cpu,0,0
1790348658.000000,47.400000,0.000000,0.000000,cpu,0,0
1790348659.000000,46.850000,0.000000,0.000000,cpu,0,0
1790348660.000000,47.950000,0.000000,0.000000,cpu,0,0
1790348661.000000,47.950000,0.000000,0.000000,cpu,0,0
1790348662.000000,47.950000,0.000000,0.000000,cpu,0,0
1790348663.000000,47.950000,0.000000,0.000000,cpu,0,0
1790348664.000000,47.950000,0.000000,0.000000,cpu,0,0
1790348665.000000,46.850000,0.000000,0.000000,cpu,0,0
1790348666.000000,47.950000,0.000000,0.000000,cpu,0,0
1790348667.000000,48.500000,0.000000,0.000000,cpu,0,0
1790348668.000000,47.950000,0.000000,0.000000,cpu,0,0
1790348669.000000,49.050000,0.000000,0.000000,cpu,0,0
1790348670.000000,47.950000,0.000000,0.000000,cpu,0,0
1790348671.000000,48.500000,0.000000,0.000000,cpu,0,0
1790348672.000000,47.400000,0.000000,0.000000,cpu,0,0
1790348673.000000,48.500000,0.000000,0.000000,cpu,0,0
1790348674.000000,47.950000,0.000000,0.000000,cpu,0,0
1790348675.000000,48.500000,0.000000,0.000000,cpu,0,0
1790348676.000000,47.950000,0.000000,0.000000,cpu,0,0
1790348677.000000,47.950000,0.000000,0.000000,cpu,0,0
1790348678.000000,49.600000,0.000000,0.000000,cpu,0,0
1790348679.000000,47.950000,0.000000,0.000000,cpu,0,0
1790348680.000000,49.050000,0.000000,0.000000,cpu,0,0
1790348681.000000,47.400000,0.000000,0.000000,cpu,0,0
1790348682.000000,48.500000,0.000000,0.000000,cpu,0,0
1790348683.000000,47.950000,0.000000,0.000000,cpu,0,0
1790348684.000000,47.950000,0.000000,0.000000,cpu,0,0
1790348685.000000,47.950000,0.000000,0.000000,cpu,0,0
1790348686.000000,48.500000,0.000000,0.000000,cpu,0,0
1790348687.000000,48.500000,0.000000,0.000000,cpu,0,0
1790348688.000000,48.500000,0.000000,0.000000,cpu,0,0
1790348689.000000,48.500000,0.000000,0.000000,cpu,0,0
1790348690.000000,48.500000,0.000000,0.000000,cpu,0,0
1790348691.000000,48.500000,0.000000,0.000000,cpu,0,0
1790348692.000000,48.500000,0.000000,0.000000,cpu,0,0
1790348693.000000,48.500000,0.000000,0.000000,cpu,0,0
1790348694.000000,47.950000,0.000000,0.000000,cpu,0,0
1790348695.000000,47.950000,0.000000,0.000000,cpu,0,0
1790348696.000000,47.950000,0.000000,0.000000,cpu,0,0
1790348697.000000,47.950000,0.000000,0.000000,cpu,0,0
1790348709.000000,48.500000,0.000000,0.000000,cpu,0,0
1790348710.000000,47.950000,0.000000,0.000000,cpu,0,0
1790348711.000000,47.950000,0.000000,0.000000,cpu,0,0
1790348712.000000,47.950000,0.000000,0.000000,cpu,0,0
1790348713.000000,48.500000,0.000000,0.000000,cpu,0,0
1790348714.000000,48.500000,0.000000,0.000000,cpu,0,0
1790348715.000000,47.950000,0.000000,0.000000,cpu,0,0
1790348716.000000,48.500000,0.000000,0.000000,cpu,0,0
1790348717.000000,48.500000,0.000000,0.000000,cpu,0,0
1790348718.000000,47.950000,0.000000,0.000000,cpu,0,0
1790348719.000000,48.500000,0.000000,0.000000,cpu,0,0
1790348720.000000,48.500000,0.000000,0.000000,cpu,0,0
1790348721.000000,47.950000,0.000000,0.000000,cpu,0,0
1790348722.000000,48.500000,0.000000,0.000000,cpu,0,0
1790348723.000000,47.400000,0.000000,0.000000,cpu,0,0
1790348724.000000,48.500000,0.000000,0.000000,cpu,0,0
1790348725.000000,48.500000,0.000000,0.000000,cpu,0,0
1790348726.000000,47.950000,0.000000,0.000000,cpu,0,0
1790348727.000000,48.500000,0.000000,0.000000,cpu,0,0
1790348728.000000,48.500000,0.000000,0.000000,cpu,0,0
1790348729.000000,48.500000,0.000000,0.000000,cpu,0,0
1790348730.000000,47.950000,0.000000,0.000000,cpu,0,0
1790348731.000000,48.500000,0.000000,0.000000,cpu,0,0
1790348732.000000,48.500000,0.000000,0.000000,cpu,0,0
1790348733.000000,47.950000,0.000000,0.000000,cpu,0,0
1790348734.000000,48.500000,0.000000,0.000000,cpu,0,0
1790348735.000000,47.950000,0.000000,0.000000,cpu,0,0
1790348736.000000,47.400000,0.000000,0.000000,cpu,0,0
1790348737.000000,48.500000,0.000000,0.000000,cpu,0,0
1790348738.000000,48.500000,0.000000,0.000000,cpu,0,0
1790348739.000000,48.500000,0.000000,0.000000,cpu,0,0
1790348740.000000,48.500000,0.000000,0.000000,cpu,0,0
1790348741.000000,46.850000,0.000000,0.000000,cpu,0,0
1790348742.000000,47.950000,0.000000,0.000000,cpu,0,0
1790348743.000000,47.950000,0.000000,0.000000,cpu,0,0
1790348744.000000,48.500000,0.000000,0.000000,cpu,0,0
1790348745.000000,47.950000,0.000000,0.000000,cpu,0,0
1790348746.000000,48.500000,0.000000,0.000000,cpu,0,0
1790348747.000000,47.950000,0.000000,0.000000,cpu,0,0
1790348748.000000,47.950000,0.000000,0.000000,cpu,0,0
1790348749.000000,47.950000,0.000000,0.000000,cpu,0,0
1790348750.000000,48.500000,0.000000,0.000000,cpu,0,0
1790348751.000000,47.950000,0.000000,0.000000,cpu,0,0
1790348752.000000,47.950000,0.000000,0.000000,cpu,0,0
1790348753.000000,48.500000,0.000000,0.000000,cpu,0,0
1790348754.000000,48.500000,0.000000,0.000000,cpu,0,0
1790348755.000000,47.950000,0.000000,0.000000,cpu,0,0
1790348756.000000,47.950000,0.000000,0.000000,cpu,0,0
1790348757.000000,48.500000,0.000000,0.000000,cpu,0,0
1790348758.000000,48.500000,0.000000,0.000000,cpu,0,0
1790348759.000000,48.500000,0.000000,0.000000,cpu,0,0
1790348760.000000,47.950000,0.000000,0.000000,cpu,0,0
1790348761.000000,47.950000,0.000000,0.000000,cpu,0,0
1790348762.000000,47.950000,0.000000,0.000000,cpu,0,0
1790348763.000000,48.500000,0.000000,0.000000,cpu,0,0
1790348764.000000,47.950000,0.000000,0.000000,cpu,0,0
1790348765.000000,46.850000,0.000000,0.000000,cpu,0,0
1790348766.000000,49.600000,0.000000,0.000000,cpu,0,0
1790348767.000000,47.950000,0.000000,0.000000,cpu,0,0
1790348768.000000,48.500000,0.000000,0.000000,cpu,0,0
1790348769.000000,48.500000,0.000000,0.000000,cpu,0,0
1790348807.000000,49.050000,0.000000,0.000000,cpu,0,0
1790348808.000000,47.950000,0.000000,0.000000,cpu,0,0
1790348809.000000,47.950000,0.000000,0.000000,cpu,0,0
1790348810.000000,49.050000,0.000000,0.000000,cpu,0,0
1790348811.000000,47.950000,0.000000,0.000000,cpu,0,0
1790348812.000000,49.050000,0.000000,0.000000,cpu,0,0
1790348813.000000,47.950000,0.000000,0.000000,cpu,0,0
1790348814.000000,48.500000,0.000000,0.000000,cpu,0,0
1790348815.000000,48.500000,0.000000,0.000000,cpu,0,0
1790348816.000000,48.500000,0.000000,0.000000,cpu,0,0
1790348817.000000,47.950000,0.000000,0.000000,cpu,0,0
1790348818.000000,47.950000,0.000000,0.000000,cpu,0,0
1790348819.000000,47.950000,0.000000,0.000000,cpu,0,0
1790348820.000000,49.050000,0.000000,0.000000,cpu,0,0
1790348821.000000,47.400000,0.000000,0.000000,cpu,0,0
1790348822.000000,47.400000,0.000000,0.000000,cpu,0,0
1790348823.000000,47.400000,0.000000,0.000000,cpu,0,0
1790348824.000000,47.400000,0.000000,0.000000,cpu,0,0
1790348825.000000,48.500000,0.000000,0.000000,cpu,0,0
1790348826.000000,49.600000,0.000000,0.000000,cpu,0,0
1790348827.000000,47.950000,0.000000,0.000000,cpu,0,0
1790348828.000000,49.600000,0.000000,0.000000,cpu,0,0
1790348829.000000,47.950000,0.000000,0.000000,cpu,0,0
1790348830.000000,47.950000,0.000000,0.000000,cpu,0,0
1790348831.000000,47.950000,0.000000,0.000000,cpu,0,0
1790348832.000000,47.950000,0.000000,0.000000,cpu,0,0
1790348833.000000,49.600000,0.000000,0.000000,cpu,0,0
1790348834.000000,47.950000,0.000000,0.000000,cpu,0,0
1790348835.000000,47.950000,0.000000,0.000000,cpu,0,0
1790348836.000000,47.950000,0.000000,0.000000,cpu,0,0
1790348837.000000,48.500000,0.000000,0.000000,cpu,0,0
1790348838.000000,49.600000,0.000000,0.000000,cpu,0,0
1790348839.000000,49.600000,0.000000,0.000000,cpu,0,0
1790348840.000000,48.500000,0.000000,0.000000,cpu,0,0
1790348841.000000,48.500000,0.000000,0.000000,cpu,0,0
1790348842.000000,48.500000,0.000000,0.000000,cpu,0,0
1790348843.000000,48.500000,0.000000,0.000000,cpu,0,0
1790348844.000000,47.950000,0.000000,0.000000,cpu,0,0
1790348845.000000,47.950000,0.000000,0.000000,cpu,0,0
1790348846.000000,48.500000,0.000000,0.000000,cpu,0,0
1790348847.000000,47.950000,0.000000,0.000000,cpu,0,0
1790348848.000000,47.950000,0.000000,0.000000,cpu,0,0
1790348849.000000,48.500000,0.000000,0.000000,cpu,0,0
1790348850.000000,47.950000,0.000000,0.000000,cpu,0,0
1790348851.000000,48.500000,0.000000,0.000000,cpu,0,0
1790348852.000000,48.500000,0.000000,0.000000,cpu,0,0
1790348853.000000,47.950000,0.000000,0.000000,cpu,0,0
1790348854.000000,48.500000,0.000000,0.000000,cpu,0,0
1790348855.000000,47.950000,0.000000,0.000000,cpu,0,0
1790348856.000000,48.500000,0.000000,0.000000,cpu,0,0
1790348857.000000,48.500000,0.000000,0.000000,cpu,0,0
1790348858.000000,49.050000,0.000000,0.000000,cpu,0,0
1790348859.000000,48.500000,0.000000,0.000000,cpu,0,0
1790348860.000000,47.950000,0.000000,0.000000,cpu,0,0
1790348861.000000,48.500000,0.000000,0.000000,cpu,0,0
1790348862.000000,47.950000,0.000000,0.000000,cpu,0,0
1790348863.000000,48.500000,0.000000,0.000000,cpu,0,0
1790348864.000000,48.500000,0.000000,0.000000,cpu,0,0
1790348865.000000,49.600000,0.000000,0.000000,cpu,0,0
1790348866.000000,48.500000,0.000000,0.000000,cpu,0,0
1790348867.000000,47.950000,0.000000,0.000000,cpu,0,0
1790532290.000000,52.350000,0.000000,0.000000,cpu,0,0
1790532291.000000,51.800000,0.000000,0.000000,cpu,0,0
1790532292.000000,52.900000,0.000000,0.000000,cpu,0,0
1790532293.000000,52.350000,0.000000,0.000000,cpu,0,0
1790532294.000000,52.350000,0.000000,0.000000,cpu,0,0
1790532295.000000,52.350000,0.000000,0.000000,cpu,0,0
1790532296.000000,51.800000,0.000000,0.000000,cpu,0,0
1790532297.000000,51.250000,0.000000,0.000000,cpu,0,0
1790532298.000000,51.800000,0.000000,0.000000,cpu,0,0
1790532299.000000,50.700000,0.000000,0.000000,cpu,0,0
1790532300.000000,50.150000,0.000000,0.000000,cpu,0,0
1790532301.000000,51.250000,0.000000,0.000000,cpu,0,0
1790532302.000000,50.700000,0.000000,0.000000,cpu,0,0
1790532303.000000,51.250000,0.000000,0.000000,cpu,0,0
1790532304.000000,51.250000,0.000000,0.000000,cpu,0,0
1790532305.000000,50.700000,0.000000,0.000000,cpu,0,0
1790532306.000000,51.250000,0.000000,0.000000,cpu,0,0
1790532307.000000,51.800000,0.000000,0.000000,cpu,0,0
1790532308.000000,50.150000,0.000000,0.000000,cpu,0,0
1790532309.000000,50.700000,0.000000,0.000000,cpu,0,0
1790532310.000000,50.150000,0.000000,0.000000,cpu,0,0
1790532311.000000,49.050000,0.000000,0.000000,cpu,0,0
1790532312.000000,50.700000,0.000000,0.000000,cpu,0,0
1790532313.000000,50.150000,0.000000,0.000000,cpu,0,0
1790532314.000000,50.700000,0.000000,0.000000,cpu,0,0
1790532315.000000,50.150000,0.000000,0.000000,cpu,0,0
1790532316.000000,50.150000,0.000000,0.000000,cpu,0,0
1790532317.000000,50.150000,0.000000,0.000000,cpu,0,0
1790532318.000000,49.600000,0.000000,0.000000,cpu,0,0
1790532319.000000,50.150000,0.000000,0.000000,cpu,0,0
1790532320.000000,50.700000,0.000000,0.000000,cpu,0,0
1790532321.000000,50.700000,0.000000,0.000000,cpu,0,0
1790532322.000000,50.150000,0.000000,0.000000,cpu,0,0
1790532323.000000,50.150000,0.000000,0.000000,cpu,0,0
1790532324.000000,50.700000,0.000000,0.000000,cpu,0,0
1790532325.000000,49.600000,0.000000,0.000000,cpu,0,0
1790532326.000000,50.700000,0.000000,0.000000,cpu,0,0
1790532327.000000,49.600000,0.000000,0.000000,cpu,0,0
1790532328.000000,50.150000,0.000000,0.000000,cpu,0,0
1790532329.000000,50.700000,0.000000,0.000000,cpu,0,0
1790532330.000000,50.150000,0.000000,0.000000,cpu,0,0
1790532331.000000,50.150000,0.000000,0.000000,cpu,0,0
1790532332.000000,49.600000,0.000000,0.000000,cpu,0,0
1790532333.000000,50.150000,0.000000,0.000000,cpu,0,0
1790532334.000000,48.500000,0.000000,0.000000,cpu,0,0
1790532335.000000,50.150000,0.000000,0.000000,cpu,0,0
1790532336.000000,50.150000,0.000000,0.000000,cpu,0,0
1790532337.000000,50.700000,0.000000,0.000000,cpu,0,0
1790532338.000000,50.150000,0.000000,0.000000,cpu,0,0
1790532339.000000,49.600000,0.000000,0.000000,cpu,0,0
1790532340.000000,50.700000,0.000000,0.000000,cpu,0,0
1790532341.000000,50.700000,0.000000,0.000000,cpu,0,0
1790532342.000000,49.600000,0.000000,0.000000,cpu,0,0
1790532343.000000,49.600000,0.000000,0.000000,cpu,0,0
1790532344.000000,50.150000,0.000000,0.000000,cpu,0,0
1790532345.000000,50.150000,0.000000,0.000000,cpu,0,0
1790532346.000000,50.700000,0.000000,0.000000,cpu,0,0
1790532347.000000,50.150000,0.000000,0.000000,cpu,0,0
1790532348.000000,49.600000,0.000000,0.000000,cpu,0,0
1790532349.000000,49.600000,0.000000,0.000000,cpu,0,0
1790532350.000000,49.600000,0.000000,0.000000,cpu,0,0
1790532357.000000,49.050000,0.000000,0.000000,cpu,0,0
1790532358.000000,50.150000,0.000000,0.000000,cpu,0,0
1790532359.000000,51.250000,0.000000,0.000000,cpu,0,0
1790532360.000000,51.800000,0.000000,0.000000,cpu,0,0
1790532361.000000,51.250000,0.000000,0.000000,cpu,0,0
1790532362.000000,51.800000,0.000000,0.000000,cpu,0,0
1790532363.000000,50.700000,0.000000,0.000000,cpu,0,0
1790532364.000000,50.700000,0.000000,0.000000,cpu,0,0
1790532365.000000,50.700000,0.000000,0.000000,cpu,0,0
1790532366.000000,50.150000,0.000000,0.000000,cpu,0,0
1790532367.000000,52.350000,0.000000,0.000000,cpu,0,0
1790532368.000000,49.600000,0.000000,0.000000,cpu,0,0
1790532369.000000,49.600000,0.000000,0.000000,cpu,0,0
1790532370.000000,50.150000,0.000000,0.000000,cpu,0,0
1790532371.000000,50.150000,0.000000,0.000000,cpu,0,0
1790532372.000000,49.600000,0.000000,0.000000,cpu,0,0
1790532373.000000,50.700000,0.000000,0.000000,cpu,0,0
1790532374.000000,50.150000,0.000000,0.000000,cpu,0,0
1790532375.000000,49.600000,0.000000,0.000000,cpu,0,0
1790532376.000000,50.150000,0.000000,0.000000,cpu,0,0
1790532377.000000,49.600000,0.000000,0.000000,cpu,0,0
1790532378.000000,49.600000,0.000000,0.000000,cpu,0,0
1790532379.000000,50.150000,0.000000,0.000000,cpu,0,0
1790532380.000000,50.150000,0.000000,0.000000,cpu,0,0
1790532381.000000,49.600000,0.000000,0.000000,cpu,0,0
1790532382.000000,49.600000,0.000000,0.000000,cpu,0,0
1790532383.000000,51.250000,0.000000,0.000000,cpu,0,0
1790532384.000000,50.150000,0.000000,0.000000,cpu,0,0
1790532385.000000,49.600000,0.000000,0.000000,cpu,0,0
1790532386.000000,50.700000,0.000000,0.000000,cpu,0,0
1790532387.000000,49.600000,0.000000,0.000000,cpu,0,0
1790532388.000000,49.600000,0.000000,0.000000,cpu,0,0
1790532389.000000,49.600000,0.000000,0.000000,cpu,0,0
1790532390.000000,50.150000,0.000000,0.000000,cpu,0,0
1790532391.000000,50.150000,0.000000,0.000000,cpu,0,0
1790532392.000000,50.700000,0.000000,0.000000,cpu,0,0
1790532393.000000,49.600000,0.000000,0.000000,cpu,0,0
1790532394.000000,49.600000,0.000000,0.000000,cpu,0,0
1790532395.000000,49.600000,0.000000,0.000000,cpu,0,0
1790532396.000000,49.600000,0.000000,0.000000,cpu,0,0
1790532397.000000,49.600000,0.000000,0.000000,cpu,0,0
1790532398.000000,49.050000,0.000000,0.000000,cpu,0,0
1790532399.000000,50.150000,0.000000,0.000000,cpu,0,0
1790532400.000000,49.600000,0.000000,0.000000,cpu,0,0
1790532401.000000,50.150000,0.000000,0.000000,cpu,0,0
1790532402.000000,49.600000,0.000000,0.000000,cpu,0,0
1790532403.000000,49.600000,0.000000,0.000000,cpu,0,0
1790532404.000000,47.950000,0.000000,0.000000,cpu,0,0
1790532405.000000,49.600000,0.000000,0.000000,cpu,0,0
1790532406.000000,49.600000,0.000000,0.000000,cpu,0,0
1790532407.000000,49.600000,0.000000,0.000000,cpu,0,0
1790532408.000000,49.600000,0.000000,0.000000,cpu,0,0
1790532409.000000,49.600000,0.000000,0.000000,cpu,0,0
1790532410.000000,49.600000,0.000000,0.000000,cpu,0,0
1790532411.000000,49.600000,0.000000,0.000000,cpu,0,0
1790532412.000000,49.600000,0.000000,0.000000,cpu,0,0
1790532413.000000,49.600000,0.000000,0.000000,cpu,0,0
1790532414.000000,49.600000,0.000000,0.000000,cpu,0,0
1790532415.000000,50.150000,0.000000,0.000000,cpu,0,0
1790532416.000000,49.600000,0.000000,0.000000,cpu,0,0
1790532417.000000,50.700000,0.000000,0.000000,cpu,0,0
1790532420.000000,49.600000,0.000000,0.000000,cpu,0,0
1790532421.000000,50.700000,0.000000,0.000000,cpu,0,0
1790532422.000000,50.150000,0.000000,0.000000,cpu,0,0
1790532423.000000,51.250000,0.000000,0.000000,cpu,0,0
1790532424.000000,50.700000,0.000000,0.000000,cpu,0,0
1790532425.000000,51.250000,0.000000,0.000000,cpu,0,0
1790532426.000000,50.700000,0.000000,0.000000,cpu,0,0
1790532427.000000,50.150000,0.000000,0.000000,cpu,0,0
1790532428.000000,50.700000,0.000000,0.000000,cpu,0,0
1790532429.000000,50.150000,0.000000,0.000000,cpu,0,0
1790532430.000000,51.800000,0.000000,0.000000,cpu,0,0
1790532431.000000,50.150000,0.000000,0.000000,cpu,0,0
1790532432.000000,49.600000,0.000000,0.000000,cpu,0,0
1790532433.000000,49.600000,0.000000,0.000000,cpu,0,0
1790532434.000000,50.150000,0.000000,0.000000,cpu,0,0
1790532435.000000,49.600000,0.000000,0.000000,cpu,0,0
1790532436.000000,49.600000,0.000000,0.000000,cpu,0,0
1790532437.000000,49.600000,0.000000,0.000000,cpu,0,0
1790532438.000000,49.600000,0.000000,0.000000,cpu,0,0
1790532439.000000,50.150000,0.000000,0.000000,cpu,0,0
1790532440.000000,50.150000,0.000000,0.000000,cpu,0,0
1790532441.000000,50.700000,0.000000,0.000000,cpu,0,0
1790532442.000000,50.700000,0.000000,0.000000,cpu,0,0
1790532443.000000,49.050000,0.000000,0.000000,cpu,0,0
1790532444.000000,51.250000,0.000000,0.000000,cpu,0,0
1790532445.000000,49.600000,0.000000,0.000000,cpu,0,0
1790532446.000000,49.600000,0.000000,0.000000,cpu,0,0
1790532447.000000,49.600000,0.000000,0.000000,cpu,0,0
1790532448.000000,49.600000,0.000000,0.000000,cpu,0,0
1790532449.000000,50.150000,0.000000,0.000000,cpu,0,0
1790532450.000000,49.600000,0.000000,0.000000,cpu,0,0
1790532451.000000,49.050000,0.000000,0.000000,cpu,0,0
1790532452.000000,49.050000,0.000000,0.000000,cpu,0,0
1790532453.000000,49.600000,0.000000,0.000000,cpu,0,0
1790532454.000000,49.600000,0.000000,0.000000,cpu,0,0
1790532455.000000,49.600000,0.000000,0.000000,cpu,0,0
1790532456.000000,49.600000,0.000000,0.000000,cpu,0,0
1790532457.000000,49.600000,0.000000,0.000000,cpu,0,0
1790532458.000000,50.150000,0.000000,0.000000,cpu,0,0
1790532459.000000,49.600000,0.000000,0.000000,cpu,0,0
1790532460.000000,49.600000,0.000000,0.000000,cpu,0,0
1790532461.000000,49.600000,0.000000,0.000000,cpu,0,0
1790532462.000000,50.700000,0.000000,0.000000,cpu,0,0
1790532463.000000,49.600000,0.000000,0.000000,cpu,0,0
1790532464.000000,49.050000,0.000000,0.000000,cpu,0,0
1790532465.000000,49.600000,0.000000,0.000000,cpu,0,0
1790532466.000000,50.150000,0.000000,0.000000,cpu,0,0
1790532467.000000,49.600000,0.000000,0.000000,cpu,0,0
1790532468.000000,49.600000,0.000000,0.000000,cpu,0,0
1790532469.000000,50.150000,0.000000,0.000000,cpu,0,0
1790532470.000000,49.600000,0.000000,0.000000,cpu,0,0
1790532471.000000,49.050000,0.000000,0.000000,cpu,0,0
1790532472.000000,49.600000,0.000000,0.000000,cpu,0,0
1790532473.000000,49.600000,0.000000,0.000000,cpu,0,0
1790532474.000000,49.050000,0.000000,0.000000,cpu,0,0
1790532475.000000,50.700000,0.000000,0.000000,cpu,0,0
1790532476.000000,49.600000,0.000000,0.000000,cpu,0,0
1790532477.000000,49.050000,0.000000,0.000000,cpu,0,0
1790532478.000000,49.050000,0.000000,0.000000,cpu,0,0
1790532479.000000,47.950000,0.000000,0.000000,cpu,0,0
1790532480.000000,48.500000,0.000000,0.000000,cpu,0,0
1790532483.000000,49.050000,0.000000,0.000000,cpu,0,0
1790532484.000000,49.600000,0.000000,0.000000,cpu,0,0
1790532485.000000,49.600000,0.000000,0.000000,cpu,0,0
1790532486.000000,49.600000,0.000000,0.000000,cpu,0,0
1790532487.000000,49.600000,0.000000,0.000000,cpu,0,0
1790532488.000000,49.600000,0.000000,0.000000,cpu,0,0
1790532489.000000,49.050000,0.000000,0.000000,cpu,0,0
1790532490.000000,49.600000,0.000000,0.000000,cpu,0,0
1790532491.000000,49.050000,0.000000,0.000000,cpu,0,0
1790532492.000000,49.600000,0.000000,0.000000,cpu,0,0
1790532493.000000,49.600000,0.000000,0.000000,cpu,0,0
1790532494.000000,49.600000,0.000000,0.000000,cpu,0,0
1790532495.000000,50.700000,0.000000,0.000000,cpu,0,0
1790532496.000000,49.600000,0.000000,0.000000,cpu,0,0
1790532497.000000,49.050000,0.000000,0.000000,cpu,0,0
1790532498.000000,49.050000,0.000000,0.000000,cpu,0,0
1790532499.000000,50.150000,0.000000,0.000000,cpu,0,0
1790532500.000000,50.150000,0.000000,0.000000,cpu,0,0
1790532501.000000,49.050000,0.000000,0.000000,cpu,0,0
1790532502.000000,49.600000,0.000000,0.000000,cpu,0,0
1790532503.000000,49.600000,0.000000,0.000000,cpu,0,0
1790532504.000000,49.600000,0.000000,0.000000,cpu,0,0
1790532505.000000,49.050000,0.000000,0.000000,cpu,0,0
1790532506.000000,49.600000,0.000000,0.000000,cpu,0,0
1790532507.000000,49.600000,0.000000,0.000000,cpu,0,0
1790532508.000000,49.050000,0.000000,0.000000,cpu,0,0
1790532509.000000,49.600000,0.000000,0.000000,cpu,0,0
1790532510.000000,49.600000,0.000000,0.000000,cpu,0,0
1790532511.000000,49.600000,0.000000,0.000000,cpu,0,0
1790532512.000000,47.950000,0.000000,0.000000,cpu,0,0
1790532513.000000,49.050000,0.000000,0.000000,cpu,0,0
1790532514.000000,48.500000,0.000000,0.000000,cpu,0,0
1790532515.000000,49.050000,0.000000,0.000000,cpu,0,0
1790532516.000000,48.500000,0.000000,0.000000,cpu,0,0
1790532517.000000,49.050000,0.000000,0.000000,cpu,0,0
1790532518.000000,49.600000,0.000000,0.000000,cpu,0,0
1790532519.000000,49.600000,0.000000,0.000000,cpu,0,0
1790532520.000000,49.050000,0.000000,0.000000,cpu,0,0
1790532521.000000,49.050000,0.000000,0.000000,cpu,0,0
1790532522.000000,49.600000,0.000000,0.000000,cpu,0,0
1790532523.000000,49.050000,0.000000,0.000000,cpu,0,0
1790532524.000000,49.050000,0.000000,0.000000,cpu,0,0
1790532525.000000,49.600000,0.000000,0.000000,cpu,0,0
1790532526.000000,50.700000,0.000000,0.000000,cpu,0,0
1790532527.000000,50.150000,0.000000,0.000000,cpu,0,0
1790532528.000000,49.600000,0.000000,0.000000,cpu,0,0
1790532529.000000,49.600000,0.000000,0.000000,cpu,0,0
1790532530.000000,49.600000,0.000000,0.000000,cpu,0,0
1790532531.000000,49.600000,0.000000,0.000000,cpu,0,0
1790532532.000000,49.600000,0.000000,0.000000,cpu,0,0
1790532533.000000,49.050000,0.000000,0.000000,cpu,0,0
1790532534.000000,49.600000,0.000000,0.000000,cpu,0,0
1790532535.000000,49.600000,0.000000,0.000000,cpu,0,0
1790532536.000000,49.050000,0.000000,0.000000,cpu,0,0
1790532537.000000,49.050000,0.000000,0.000000,cpu,0,0
1790532538.000000,49.050000,0.000000,0.000000,cpu,0,0
1790532539.000000,49.600000,0.000000,0.000000,cpu,0,0
1790532540.000000,49.600000,0.000000,0.000000,cpu,0,0
1790532541.000000,49.050000,0.000000,0.000000,cpu,0,0
1790532542.000000,49.600000,0.000000,0.000000,cpu,0,0
1790532543.000000,49.050000,0.000000,0.000000,cpu,0,0
1790532545.000000,49.600000,0.000000,0.000000,cpu,0,0
1790532546.000000,50.150000,0.000000,0.000000,cpu,0,0
1790532547.000000,50.700000,0.000000,0.000000,cpu,0,0
1790532548.000000,50.700000,0.000000,0.000000,cpu,0,0
1790532549.000000,51.250000,0.000000,0.000000,cpu,0,0
1790532550.000000,51.250000,0.000000,0.000000,cpu,0,0
1790532551.000000,49.600000,0.000000,0.000000,cpu,0,0
1790532552.000000,49.600000,0.000000,0.000000,cpu,0,0
1790532553.000000,50.700000,0.000000,0.000000,cpu,0,0
1790532554.000000,50.150000,0.000000,0.000000,cpu,0,0
1790532555.000000,50.150000,0.000000,0.000000,cpu,0,0
1790532556.000000,49.600000,0.000000,0.000000,cpu,0,0
1790532557.000000,50.150000,0.000000,0.000000,cpu,0,0
1790532558.000000,49.600000,0.000000,0.000000,cpu,0,0
1790532559.000000,49.600000,0.000000,0.000000,cpu,0,0
1790532560.000000,49.600000,0.000000,0.000000,cpu,0,0
1790532561.000000,50.150000,0.000000,0.000000,cpu,0,0
1790532562.000000,49.600000,0.000000,0.000000,cpu,0,0
1790532563.000000,49.600000,0.000000,0.000000,cpu,0,0
1790532564.000000,49.050000,0.000000,0.000000,cpu,0,0
1790532565.000000,49.050000,0.000000,0.000000,cpu,0,0
1790532566.000000,49.600000,0.000000,0.000000,cpu,0,0
1790532567.000000,48.500000,0.000000,0.000000,cpu,0,0
1790532568.000000,49.050000,0.000000,0.000000,cpu,0,0
1790532569.000000,49.050000,0.000000,0.000000,cpu,0,0
1790532570.000000,47.950000,0.000000,0.000000,cpu,0,0
1790532571.000000,49.600000,0.000000,0.000000,cpu,0,0
1790532572.000000,49.050000,0.000000,0.000000,cpu,0,0
1790532573.000000,50.150000,0.000000,0.000000,cpu,0,0
1790532574.000000,49.600000,0.000000,0.000000,cpu,0,0
1790532575.000000,49.050000,0.000000,0.000000,cpu,0,0
1790532576.000000,50.150000,0.000000,0.000000,cpu,0,0
1790532577.000000,50.150000,0.000000,0.000000,cpu,0,0
1790532578.000000,50.150000,0.000000,0.000000,cpu,0,0
1790532579.000000,49.050000,0.000000,0.000000,cpu,0,0
1790532580.000000,49.050000,0.000000,0.000000,cpu,0,0
1790532581.000000,49.600000,0.000000,0.000000,cpu,0,0
1790532582.000000,47.950000,0.000000,0.000000,cpu,0,0
1790532583.000000,49.600000,0.000000,0.000000,cpu,0,0
1790532584.000000,50.700000,0.000000,0.000000,cpu,0,0
1790532585.000000,48.500000,0.000000,0.000000,cpu,0,0
1790532586.000000,49.050000,0.000000,0.000000,cpu,0,0
1790532587.000000,47.950000,0.000000,0.000000,cpu,0,0
1790532588.000000,49.600000,0.000000,0.000000,cpu,0,0
1790532589.000000,49.600000,0.000000,0.000000,cpu,0,0
1790532590.000000,49.050000,0.000000,0.000000,cpu,0,0
1790532591.000000,49.050000,0.000000,0.000000,cpu,0,0
1790532592.000000,49.050000,0.000000,0.000000,cpu,0,0
1790532593.000000,49.600000,0.000000,0.000000,cpu,0,0
1790532594.000000,49.050000,0.000000,0.000000,cpu,0,0
1790532595.000000,49.050000,0.000000,0.000000,cpu,0,0
1790532596.000000,49.050000,0.000000,0.000000,cpu,0,0
1790532597.000000,49.050000,0.000000,0.000000,cpu,0,0
1790532598.000000,49.600000,0.000000,0.000000,cpu,0,0
1790532599.000000,49.600000,0.000000,0.000000,cpu,0,0
1790532600.000000,49.050000,0.000000,0.000000,cpu,0,0
1790532601.000000,49.050000,0.000000,0.000000,cpu,0,0
1790532602.000000,49.050000,0.000000,0.000000,cpu,0,0
1790532603.000000,49.050000,0.000000,0.000000,cpu,0,0
1790532604.000000,49.600000,0.000000,0.000000,cpu,0,0
1790532605.000000,49.050000,0.000000,0.000000,cpu,0,0
1790532609.000000,49.050000,0.000000,0.000000,cpu,0,0
1790532610.000000,50.150000,0.000000,0.000000,cpu,0,0
1790532611.000000,50.150000,0.000000,0.000000,cpu,0,0
1790532612.000000,50.150000,0.000000,0.000000,cpu,0,0
1790532613.000000,50.150000,0.000000,0.000000,cpu,0,0
1790532614.000000,50.150000,0.000000,0.000000,cpu,0,0
1790532615.000000,50.150000,0.000000,0.000000,cpu,0,0
1790532616.000000,49.600000,0.000000,0.000000,cpu,0,0
1790532617.000000,49.050000,0.000000,0.000000,cpu,0,0
1790532618.000000,49.600000,0.000000,0.000000,cpu,0,0
1790532619.000000,49.600000,0.000000,0.000000,cpu,0,0
1790532620.000000,49.600000,0.000000,0.000000,cpu,0,0
1790532621.000000,50.700000,0.000000,0.000000,cpu,0,0
1790532622.000000,50.150000,0.000000,0.000000,cpu,0,0
1790532623.000000,49.600000,0.000000,0.000000,cpu,0,0
1790532624.000000,49.600000,0.000000,0.000000,cpu,0,0
1790532625.000000,49.050000,0.000000,0.000000,cpu,0,0
1790532626.000000,49.600000,0.000000,0.000000,cpu,0,0
1790532627.000000,50.700000,0.000000,0.000000,cpu,0,0
1790532628.000000,49.600000,0.000000,0.000000,cpu,0,0
1790532629.000000,49.050000,0.000000,0.000000,cpu,0,0
1790532630.000000,49.050000,0.000000,0.000000,cpu,0,0
1790532631.000000,49.050000,0.000000,0.000000,cpu,0,0
1790532632.000000,50.150000,0.000000,0.000000,cpu,0,0
1790532633.000000,49.600000,0.000000,0.000000,cpu,0,0
1790532634.000000,49.050000,0.000000,0.000000,cpu,0,0
1790532635.000000,49.600000,0.000000,0.000000,cpu,0,0
1790532636.000000,49.600000,0.000000,0.000000,cpu,0,0
1790532637.000000,49.050000,0.000000,0.000000,cpu,0,0
1790532638.000000,49.050000,0.000000,0.000000,cpu,0,0
1790532639.000000,49.600000,0.000000,0.000000,cpu,0,0
1790532640.000000,49.050000,0.000000,0.000000,cpu,0,0
1790532641.000000,47.950000,0.000000,0.000000,cpu,0,0
1790532642.000000,49.600000,0.000000,0.000000,cpu,0,0
1790532643.000000,49.050000,0.000000,0.000000,cpu,0,0
1790532644.000000,49.600000,0.000000,0.000000,cpu,0,0
1790532645.000000,49.050000,0.000000,0.000000,cpu,0,0
1790532646.000000,49.050000,0.000000,0.000000,cpu,0,0
1790532647.000000,49.050000,0.000000,0.000000,cpu,0,0
1790532648.000000,49.050000,0.000000,0.000000,cpu,0,0
1790532649.000000,49.600000,0.000000,0.000000,cpu,0,0
1790532650.000000,49.050000,0.000000,0.000000,cpu,0,0
1790532651.000000,48.500000,0.000000,0.000000,cpu,0,0
1790532652.000000,49.050000,0.000000,0.000000,cpu,0,0
1790532653.000000,49.600000,0.000000,0.000000,cpu,0,0
1790532654.000000,49.050000,0.000000,0.000000,cpu,0,0
1790532655.000000,49.600000,0.000000,0.000000,cpu,0,0
1790532656.000000,49.600000,0.000000,0.000000,cpu,0,0
1790532657.000000,49.050000,0.000000,0.000000,cpu,0,0
1790532658.000000,49.050000,0.000000,0.000000,cpu,0,0
1790532659.000000,49.600000,0.000000,0.000000,cpu,0,0
1790532660.000000,49.600000,0.000000,0.000000,cpu,0,0
1790532661.000000,49.050000,0.000000,0.000000,cpu,0,0
1790532662.000000,49.050000,0.000000,0.000000,cpu,0,0
1790532663.000000,49.050000,0.000000,0.000000,cpu,0,0
1790532664.000000,49.600000,0.000000,0.000000,cpu,0,0
1790532665.000000,49.050000,0.000000,0.000000,cpu,0,0
1790532666.000000,49.050000,0.000000,0.000000,cpu,0,0
1790532667.000000,49.050000,0.000000,0.000000,cpu,0,0
1790532668.000000,49.600000,0.000000,0.000000,cpu,0,0
1790532669.000000,48.500000,0.000000,0.000000,cpu,0,0
1790532834.000000,51.250000,0.000000,0.000000,cpu,0,0
1790532835.000000,51.250000,0.000000,0.000000,cpu,0,0
1790532836.000000,52.350000,0.000000,0.000000,cpu,0,0
1790532837.000000,52.350000,0.000000,0.000000,cpu,0,0
1790532838.000000,52.900000,0.000000,0.000000,cpu,0,0
1790532839.000000,52.350000,0.000000,0.000000,cpu,0,0
1790532840.000000,51.800000,0.000000,0.000000,cpu,0,0
1790532841.000000,50.700000,0.000000,0.000000,cpu,0,0
1790532842.000000,51.250000,0.000000,0.000000,cpu,0,0
1790532843.000000,51.800000,0.000000,0.000000,cpu,0,0
1790532844.000000,51.250000,0.000000,0.000000,cpu,0,0
1790532845.000000,51.250000,0.000000,0.000000,cpu,0,0
1790532846.000000,51.250000,0.000000,0.000000,cpu,0,0
1790532847.000000,50.700000,0.000000,0.000000,cpu,0,0
1790532848.000000,50.700000,0.000000,0.000000,cpu,0,0
1790532849.000000,51.250000,0.000000,0.000000,cpu,0,0
1790532850.000000,51.250000,0.000000,0.000000,cpu,0,0
1790532851.000000,50.700000,0.000000,0.000000,cpu,0,0
1790532852.000000,51.250000,0.000000,0.000000,cpu,0,0
1790532853.000000,50.150000,0.000000,0.000000,cpu,0,0
1790532854.000000,50.700000,0.000000,0.000000,cpu,0,0
1790532855.000000,50.700000,0.000000,0.000000,cpu,0,0
1790532856.000000,50.150000,0.000000,0.000000,cpu,0,0
1790532857.000000,51.250000,0.000000,0.000000,cpu,0,0
1790532858.000000,50.700000,0.000000,0.000000,cpu,0,0
1790532859.000000,50.700000,0.000000,0.000000,cpu,0,0
1790532860.000000,51.250000,0.000000,0.000000,cpu,0,0
1790532861.000000,50.700000,0.000000,0.000000,cpu,0,0
1790532862.000000,50.700000,0.000000,0.000000,cpu,0,0
1790532863.000000,51.250000,0.000000,0.000000,cpu,0,0
1790532864.000000,50.700000,0.000000,0.000000,cpu,0,0
1790532865.000000,51.800000,0.000000,0.000000,cpu,0,0
1790532866.000000,50.150000,0.000000,0.000000,cpu,0,0
1790532867.000000,50.700000,0.000000,0.000000,cpu,0,0
1790532868.000000,51.800000,0.000000,0.000000,cpu,0,0
1790532869.000000,51.250000,0.000000,0.000000,cpu,0,0
1790532870.000000,51.250000,0.000000,0.000000,cpu,0,0
1790532871.000000,49.050000,0.000000,0.000000,cpu,0,0
1790532872.000000,50.150000,0.000000,0.000000,cpu,0,0
1790532873.000000,50.700000,0.000000,0.000000,cpu,0,0
1790532874.000000,50.150000,0.000000,0.000000,cpu,0,0
1790532875.000000,50.700000,0.000000,0.000000,cpu,0,0
1790532876.000000,50.700000,0.000000,0.000000,cpu,0,0
1790532877.000000,49.050000,0.000000,0.000000,cpu,0,0
1790532878.000000,50.700000,0.000000,0.000000,cpu,0,0
1790532879.000000,51.250000,0.000000,0.000000,cpu,0,0
1790532880.000000,51.250000,0.000000,0.000000,cpu,0,0
1790532881.000000,50.700000,0.000000,0.000000,cpu,0,0
1790532882.000000,50.700000,0.000000,0.000000,cpu,0,0
1790532883.000000,49.600000,0.000000,0.000000,cpu,0,0
1790532884.000000,50.700000,0.000000,0.000000,cpu,0,0
1790532885.000000,50.150000,0.000000,0.000000,cpu,0,0
1790532886.000000,49.050000,0.000000,0.000000,cpu,0,0
1790532887.000000,50.700000,0.000000,0.000000,cpu,0,0
1790532888.000000,50.150000,0.000000,0.000000,cpu,0,0
1790532889.000000,51.250000,0.000000,0.000000,cpu,0,0
1790532890.000000,50.150000,0.000000,0.000000,cpu,0,0
1790532891.000000,50.150000,0.000000,0.000000,cpu,0,0
1790532892.000000,50.150000,0.000000,0.000000,cpu,0,0
1790532893.000000,50.150000,0.000000,0.000000,cpu,0,0
1790532894.000000,50.700000,0.000000,0.000000,cpu,0,0
1790532903.000000,50.700000,0.000000,0.000000,cpu,0,0
1790532904.000000,50.150000,0.000000,0.000000,cpu,0,0
1790532905.000000,50.150000,0.000000,0.000000,cpu,0,0
1790532906.000000,50.700000,0.000000,0.000000,cpu,0,0
1790532907.000000,51.800000,0.000000,0.000000,cpu,0,0
1790532908.000000,50.150000,0.000000,0.000000,cpu,0,0
1790532909.000000,50.150000,0.000000,0.000000,cpu,0,0
1790532910.000000,49.600000,0.000000,0.000000,cpu,0,0
1790532911.000000,49.600000,0.000000,0.000000,cpu,0,0
1790532912.000000,50.150000,0.000000,0.000000,cpu,0,0
1790532913.000000,49.600000,0.000000,0.000000,cpu,0,0
1790532914.000000,50.700000,0.000000,0.000000,cpu,0,0
1790532915.000000,50.150000,0.000000,0.000000,cpu,0,0
1790532916.000000,48.500000,0.000000,0.000000,cpu,0,0
1790532917.000000,51.250000,0.000000,0.000000,cpu,0,0
1790532918.000000,49.050000,0.000000,0.000000,cpu,0,0
1790532919.000000,49.600000,0.000000,0.000000,cpu,0,0
1790532920.000000,49.600000,0.000000,0.000000,cpu,0,0
1790532921.000000,50.150000,0.000000,0.000000,cpu,0,0
1790532922.000000,49.600000,0.000000,0.000000,cpu,0,0
1790532923.000000,49.600000,0.000000,0.000000,cpu,0,0
1790532924.000000,50.150000,0.000000,0.000000,cpu,0,0
1790532925.000000,49.600000,0.000000,0.000000,cpu,0,0
1790532926.000000,50.150000,0.000000,0.000000,cpu,0,0
1790532927.000000,49.600000,0.000000,0.000000,cpu,0,0
1790532928.000000,49.600000,0.000000,0.000000,cpu,0,0
1790532929.000000,50.150000,0.000000,0.000000,cpu,0,0
1790532930.000000,49.050000,0.000000,0.000000,cpu,0,0
1790532931.000000,50.150000,0.000000,0.000000,cpu,0,0
1790532932.000000,50.150000,0.000000,0.000000,cpu,0,0
1790532933.000000,50.700000,0.000000,0.000000,cpu,0,0
1790532934.000000,50.150000,0.000000,0.000000,cpu,0,0
1790532935.000000,49.600000,0.000000,0.000000,cpu,0,0
1790532936.000000,50.700000,0.000000,0.000000,cpu,0,0
1790532937.000000,51.250000,0.000000,0.000000,cpu,0,0
1790532938.000000,49.600000,0.000000,0.000000,cpu,0,0
1790532939.000000,50.150000,0.000000,0.000000,cpu,0,0
1790532940.000000,50.150000,0.000000,0.000000,cpu,0,0
1790532941.000000,49.600000,0.000000,0.000000,cpu,0,0
1790532942.000000,49.600000,0.000000,0.000000,cpu,0,0
1790532943.000000,50.700000,0.000000,0.000000,cpu,0,0
1790532944.000000,50.700000,0.000000,0.000000,cpu,0,0
1790532945.000000,49.600000,0.000000,0.000000,cpu,0,0
1790532946.000000,50.150000,0.000000,0.000000,cpu,0,0
1790532947.000000,49.050000,0.000000,0.000000,cpu,0,0
1790532948.000000,50.150000,0.000000,0.000000,cpu,0,0
1790532949.000000,49.600000,0.000000,0.000000,cpu,0,0
1790532950.000000,50.150000,0.000000,0.000000,cpu,0,0
1790532951.000000,50.150000,0.000000,0.000000,cpu,0,0
1790532952.000000,50.150000,0.000000,0.000000,cpu,0,0
1790532953.000000,51.250000,0.000000,0.000000,cpu,0,0
1790532954.000000,49.600000,0.000000,0.000000,cpu,0,0
1790532955.000000,50.150000,0.000000,0.000000,cpu,0,0
1790532956.000000,49.600000,0.000000,0.000000,cpu,0,0
1790532957.000000,49.600000,0.000000,0.000000,cpu,0,0
1790532958.000000,49.600000,0.000000,0.000000,cpu,0,0
1790532959.000000,49.600000,0.000000,0.000000,cpu,0,0
1790532960.000000,50.150000,0.000000,0.000000,cpu,0,0
1790532961.000000,50.150000,0.000000,0.000000,cpu,0,0
1790532962.000000,49.050000,0.000000,0.000000,cpu,0,0
1790532963.000000,49.600000,0.000000,0.000000,cpu,0,0
1790532965.000000,50.150000,0.000000,0.000000,cpu,0,0
1790532966.000000,50.700000,0.000000,0.000000,cpu,0,0
1790532967.000000,50.700000,0.000000,0.000000,cpu,0,0
1790532968.000000,51.250000,0.000000,0.000000,cpu,0,0
1790532969.000000,50.150000,0.000000,0.000000,cpu,0,0
1790532970.000000,51.250000,0.000000,0.000000,cpu,0,0
1790532971.000000,50.700000,0.000000,0.000000,cpu,0,0
1790532972.000000,50.150000,0.000000,0.000000,cpu,0,0
1790532973.000000,49.050000,0.000000,0.000000,cpu,0,0
1790532974.000000,50.150000,0.000000,0.000000,cpu,0,0
1790532975.000000,50.700000,0.000000,0.000000,cpu,0,0
1790532976.000000,50.150000,0.000000,0.000000,cpu,0,0
1790532977.000000,50.150000,0.000000,0.000000,cpu,0,0
1790532978.000000,50.150000,0.000000,0.000000,cpu,0,0
1790532979.000000,50.150000,0.000000,0.000000,cpu,0,0
1790532980.000000,50.700000,0.000000,0.000000,cpu,0,0
1790532981.000000,49.600000,0.000000,0.000000,cpu,0,0
1790532982.000000,50.150000,0.000000,0.000000,cpu,0,0
1790532983.000000,48.500000,0.000000,0.000000,cpu,0,0
1790532984.000000,50.150000,0.000000,0.000000,cpu,0,0
1790532985.000000,49.600000,0.000000,0.000000,cpu,0,0
1790532986.000000,50.150000,0.000000,0.000000,cpu,0,0
1790532987.000000,49.600000,0.000000,0.000000,cpu,0,0
1790532988.000000,49.600000,0.000000,0.000000,cpu,0,0
1790532989.000000,49.600000,0.000000,0.000000,cpu,0,0
1790532990.000000,49.600000,0.000000,0.000000,cpu,0,0
1790532991.000000,50.150000,0.000000,0.000000,cpu,0,0
1790532992.000000,50.150000,0.000000,0.000000,cpu,0,0
1790532993.000000,49.600000,0.000000,0.000000,cpu,0,0
1790532994.000000,50.150000,0.000000,0.000000,cpu,0,0
1790532995.000000,49.050000,0.000000,0.000000,cpu,0,0
1790532996.000000,51.250000,0.000000,0.000000,cpu,0,0
1790532997.000000,49.600000,0.000000,0.000000,cpu,0,0
1790532998.000000,49.600000,0.000000,0.000000,cpu,0,0
1790532999.000000,49.600000,0.000000,0.000000,cpu,0,0
1790533000.000000,49.600000,0.000000,0.000000,cpu,0,0
1790533001.000000,49.050000,0.000000,0.000000,cpu,0,0
1790533002.000000,49.600000,0.000000,0.000000,cpu,0,0
1790533003.000000,49.600000,0.000000,0.000000,cpu,0,0
1790533004.000000,49.600000,0.000000,0.000000,cpu,0,0
1790533005.000000,49.600000,0.000000,0.000000,cpu,0,0
1790533006.000000,50.150000,0.000000,0.000000,cpu,0,0
1790533007.000000,49.600000,0.000000,0.000000,cpu,0,0
1790533008.000000,49.050000,0.000000,0.000000,cpu,0,0
1790533009.000000,50.700000,0.000000,0.000000,cpu,0,0
1790533010.000000,50.700000,0.000000,0.000000,cpu,0,0
1790533011.000000,49.600000,0.000000,0.000000,cpu,0,0
1790533012.000000,50.150000,0.000000,0.000000,cpu,0,0
1790533013.000000,49.050000,0.000000,0.000000,cpu,0,0
1790533014.000000,49.600000,0.000000,0.000000,cpu,0,0
1790533015.000000,50.150000,0.000000,0.000000,cpu,0,0
1790533016.000000,48.500000,0.000000,0.000000,cpu,0,0
1790533017.000000,50.150000,0.000000,0.000000,cpu,0,0
1790533018.000000,50.700000,0.000000,0.000000,cpu,0,0
1790533019.000000,48.500000,0.000000,0.000000,cpu,0,0
1790533020.000000,49.600000,0.000000,0.000000,cpu,0,0
1790533021.000000,50.150000,0.000000,0.000000,cpu,0,0
1790533022.000000,50.150000,0.000000,0.000000,cpu,0,0
1790533023.000000,49.600000,0.000000,0.000000,cpu,0,0
1790533024.000000,49.600000,0.000000,0.000000,cpu,0,0
1790533025.000000,49.600000,0.000000,0.000000,cpu,0,0
1790533033.000000,48.500000,0.000000,0.000000,cpu,0,0
1790533034.000000,50.150000,0.000000,0.000000,cpu,0,0
1790533035.000000,50.150000,0.000000,0.000000,cpu,0,0
1790533036.000000,51.800000,0.000000,0.000000,cpu,0,0
1790533037.000000,51.250000,0.000000,0.000000,cpu,0,0
1790533038.000000,51.250000,0.000000,0.000000,cpu,0,0
1790533039.000000,50.700000,0.000000,0.000000,cpu,0,0
1790533040.000000,50.150000,0.000000,0.000000,cpu,0,0
1790533041.000000,50.700000,0.000000,0.000000,cpu,0,0
1790533042.000000,50.150000,0.000000,0.000000,cpu,0,0
1790533043.000000,50.150000,0.000000,0.000000,cpu,0,0
1790533044.000000,49.600000,0.000000,0.000000,cpu,0,0
1790533045.000000,50.150000,0.000000,0.000000,cpu,0,0
1790533046.000000,50.700000,0.000000,0.000000,cpu,0,0
1790533047.000000,49.050000,0.000000,0.000000,cpu,0,0
1790533048.000000,50.700000,0.000000,0.000000,cpu,0,0
1790533049.000000,49.600000,0.000000,0.000000,cpu,0,0
1790533050.000000,50.700000,0.000000,0.000000,cpu,0,0
1790533051.000000,49.600000,0.000000,0.000000,cpu,0,0
1790533052.000000,49.600000,0.000000,0.000000,cpu,0,0
1790533053.000000,49.600000,0.000000,0.000000,cpu,0,0
1790533054.000000,49.600000,0.000000,0.000000,cpu,0,0
1790533055.000000,49.600000,0.000000,0.000000,cpu,0,0
1790533056.000000,50.150000,0.000000,0.000000,cpu,0,0
1790533057.000000,49.050000,0.000000,0.000000,cpu,0,0
1790533058.000000,49.050000,0.000000,0.000000,cpu,0,0
1790533059.000000,49.600000,0.000000,0.000000,cpu,0,0
1790533060.000000,49.600000,0.000000,0.000000,cpu,0,0
1790533061.000000,49.600000,0.000000,0.000000,cpu,0,0
1790533062.000000,50.150000,0.000000,0.000000,cpu,0,0
1790533063.000000,49.600000,0.000000,0.000000,cpu,0,0
1790533064.000000,50.150000,0.000000,0.000000,cpu,0,0
1790533065.000000,50.150000,0.000000,0.000000,cpu,0,0
1790533066.000000,49.600000,0.000000,0.000000,cpu,0,0
1790533067.000000,50.150000,0.000000,0.000000,cpu,0,0
1790533068.000000,49.600000,0.000000,0.000000,cpu,0,0
1790533069.000000,50.150000,0.000000,0.000000,cpu,0,0
1790533070.000000,49.600000,0.000000,0.000000,cpu,0,0
1790533071.000000,49.600000,0.000000,0.000000,cpu,0,0
1790533072.000000,50.150000,0.000000,0.000000,cpu,0,0
1790533073.000000,49.050000,0.000000,0.000000,cpu,0,0
1790533074.000000,49.600000,0.000000,0.000000,cpu,0,0
1790533075.000000,49.600000,0.000000,0.000000,cpu,0,0
1790533076.000000,49.600000,0.000000,0.000000,cpu,0,0
1790533077.000000,49.600000,0.000000,0.000000,cpu,0,0
1790533078.000000,49.050000,0.000000,0.000000,cpu,0,0
1790533079.000000,48.500000,0.000000,0.000000,cpu,0,0
1790533080.000000,50.150000,0.000000,0.000000,cpu,0,0
1790533081.000000,49.600000,0.000000,0.000000,cpu,0,0
1790533082.000000,49.600000,0.000000,0.000000,cpu,0,0
1790533083.000000,49.050000,0.000000,0.000000,cpu,0,0
1790533084.000000,49.600000,0.000000,0.000000,cpu,0,0
1790533085.000000,49.600000,0.000000,0.000000,cpu,0,0
1790533086.000000,50.150000,0.000000,0.000000,cpu,0,0
1790533087.000000,49.600000,0.000000,0.000000,cpu,0,0
1790533088.000000,48.500000,0.000000,0.000000,cpu,0,0
1790533089.000000,49.050000,0.000000,0.000000,cpu,0,0
1790533090.000000,49.600000,0.000000,0.000000,cpu,0,0
1790533091.000000,48.500000,0.000000,0.000000,cpu,0,0
1790533092.000000,49.600000,0.000000,0.000000,cpu,0,0
1790533093.000000,48.500000,0.000000,0.000000,cpu,0,0
1790533120.000000,51.800000,0.000000,0.000000,cpu,0,0
1790533121.000000,50.700000,0.000000,0.000000,cpu,0,0
1790533122.000000,50.700000,0.000000,0.000000,cpu,0,0
1790533123.000000,50.150000,0.000000,0.000000,cpu,0,0
1790533124.000000,50.150000,0.000000,0.000000,cpu,0,0
1790533125.000000,50.700000,0.000000,0.000000,cpu,0,0
1790533126.000000,50.150000,0.000000,0.000000,cpu,0,0
1790533127.000000,49.600000,0.000000,0.000000,cpu,0,0
1790533128.000000,50.150000,0.000000,0.000000,cpu,0,0
1790533129.000000,50.150000,0.000000,0.000000,cpu,0,0
1790533130.000000,50.700000,0.000000,0.000000,cpu,0,0
1790533131.000000,50.150000,0.000000,0.000000,cpu,0,0
1790533132.000000,50.150000,0.000000,0.000000,cpu,0,0
1790533133.000000,49.600000,0.000000,0.000000,cpu,0,0
1790533134.000000,50.150000,0.000000,0.000000,cpu,0,0
1790533135.000000,50.150000,0.000000,0.000000,cpu,0,0
1790533136.000000,50.150000,0.000000,0.000000,cpu,0,0
1790533137.000000,49.600000,0.000000,0.000000,cpu,0,0
1790533138.000000,50.700000,0.000000,0.000000,cpu,0,0
1790533139.000000,51.250000,0.000000,0.000000,cpu,0,0
1790533140.000000,49.600000,0.000000,0.000000,cpu,0,0
1790533141.000000,50.150000,0.000000,0.000000,cpu,0,0
1790533142.000000,50.150000,0.000000,0.000000,cpu,0,0
1790533143.000000,50.700000,0.000000,0.000000,cpu,0,0
1790533144.000000,49.600000,0.000000,0.000000,cpu,0,0
1790533145.000000,49.600000,0.000000,0.000000,cpu,0,0
1790533146.000000,49.600000,0.000000,0.000000,cpu,0,0
1790533147.000000,49.600000,0.000000,0.000000,cpu,0,0
1790533148.000000,50.150000,0.000000,0.000000,cpu,0,0
1790533149.000000,50.150000,0.000000,0.000000,cpu,0,0
1790533150.000000,48.500000,0.000000,0.000000,cpu,0,0
1790533151.000000,49.600000,0.000000,0.000000,cpu,0,0
1790533152.000000,50.150000,0.000000,0.000000,cpu,0,0
1790533153.000000,49.600000,0.000000,0.000000,cpu,0,0
1790533154.000000,49.600000,0.000000,0.000000,cpu,0,0
1790533155.000000,50.150000,0.000000,0.000000,cpu,0,0
1790533156.000000,49.600000,0.000000,0.000000,cpu,0,0
1790533157.000000,51.800000,0.000000,0.000000,cpu,0,0
1790533158.000000,49.600000,0.000000,0.000000,cpu,0,0
1790533159.000000,49.600000,0.000000,0.000000,cpu,0,0
1790533160.000000,49.600000,0.000000,0.000000,cpu,0,0
1790533161.000000,49.600000,0.000000,0.000000,cpu,0,0
1790533162.000000,50.150000,0.000000,0.000000,cpu,0,0
1790533163.000000,48.500000,0.000000,0.000000,cpu,0,0
1790533164.000000,50.150000,0.000000,0.000000,cpu,0,0
1790533165.000000,50.150000,0.000000,0.000000,cpu,0,0
1790533166.000000,50.150000,0.000000,0.000000,cpu,0,0
1790533167.000000,50.150000,0.000000,0.000000,cpu,0,0
1790533168.000000,49.600000,0.000000,0.000000,cpu,0,0
1790533169.000000,49.600000,0.000000,0.000000,cpu,0,0
1790533170.000000,49.600000,0.000000,0.000000,cpu,0,0
1790533171.000000,49.600000,0.000000,0.000000,cpu,0,0
1790533172.000000,49.600000,0.000000,0.000000,cpu,0,0
1790533173.000000,49.050000,0.000000,0.000000,cpu,0,0
1790533174.000000,49.600000,0.000000,0.000000,cpu,0,0
1790533175.000000,48.500000,0.000000,0.000000,cpu,0,0
1790533176.000000,49.600000,0.000000,0.000000,cpu,0,0
1790533177.000000,48.500000,0.000000,0.000000,cpu,0,0
1790533178.000000,49.600000,0.000000,0.000000,cpu,0,0
1790533179.000000,49.050000,0.000000,0.000000,cpu,0,0
1790533180.000000,49.600000,0.000000,0.000000,cpu,0,0
1790533862.000000,54.550000,0.000000,0.000000,cpu,0,0
1790533863.000000,53.450000,0.000000,0.000000,cpu,0,0
1790533864.000000,54.000000,0.000000,0.000000,cpu,0,0
1790533865.000000,54.550000,0.000000,0.000000,cpu,0,0
1790533866.000000,54.000000,0.000000,0.000000,cpu,0,0
1790533867.000000,54.000000,0.000000,0.000000,cpu,0,0
1790533868.000000,52.900000,0.000000,0.000000,cpu,0,0
1790533869.000000,54.000000,0.000000,0.000000,cpu,0,0
1790533870.000000,54.000000,0.000000,0.000000,cpu,0,0
1790533871.000000,55.100000,0.000000,0.000000,cpu,0,0
1790533872.000000,54.000000,0.000000,0.000000,cpu,0,0
1790533873.000000,54.000000,0.000000,0.000000,cpu,0,0
1790533874.000000,54.000000,0.000000,0.000000,cpu,0,0
1790533875.000000,54.000000,0.000000,0.000000,cpu,0,0
1790533876.000000,54.000000,0.000000,0.000000,cpu,0,0
1790533877.000000,54.000000,0.000000,0.000000,cpu,0,0
1790533878.000000,54.000000,0.000000,0.000000,cpu,0,0
1790533879.000000,54.000000,0.000000,0.000000,cpu,0,0
1790533880.000000,55.100000,0.000000,0.000000,cpu,0,0
1790533881.000000,55.650000,0.000000,0.000000,cpu,0,0
1790533882.000000,53.450000,0.000000,0.000000,cpu,0,0
1790533883.000000,54.000000,0.000000,0.000000,cpu,0,0
1790533884.000000,52.900000,0.000000,0.000000,cpu,0,0
1790533885.000000,54.000000,0.000000,0.000000,cpu,0,0
1790533886.000000,53.450000,0.000000,0.000000,cpu,0,0
1790533887.000000,54.000000,0.000000,0.000000,cpu,0,0
1790533888.000000,54.550000,0.000000,0.000000,cpu,0,0
1790533889.000000,53.450000,0.000000,0.000000,cpu,0,0
1790533890.000000,54.000000,0.000000,0.000000,cpu,0,0
1790533891.000000,54.000000,0.000000,0.000000,cpu,0,0
1790533892.000000,54.000000,0.000000,0.000000,cpu,0,0
1790533893.000000,54.000000,0.000000,0.000000,cpu,0,0
1790533894.000000,54.000000,0.000000,0.000000,cpu,0,0
1790533895.000000,54.000000,0.000000,0.000000,cpu,0,0
1790533896.000000,53.450000,0.000000,0.000000,cpu,0,0
1790533897.000000,54.000000,0.000000,0.000000,cpu,0,0
1790533898.000000,52.900000,0.000000,0.000000,cpu,0,0
1790533899.000000,54.000000,0.000000,0.000000,cpu,0,0
1790533900.000000,54.000000,0.000000,0.000000,cpu,0,0
1790533901.000000,52.900000,0.000000,0.000000,cpu,0,0
1790533902.000000,54.000000,0.000000,0.000000,cpu,0,0
1790533903.000000,54.000000,0.000000,0.000000,cpu,0,0
1790533904.000000,54.000000,0.000000,0.000000,cpu,0,0
1790533905.000000,54.000000,0.000000,0.000000,cpu,0,0
1790533906.000000,54.550000,0.000000,0.000000,cpu,0,0
1790533907.000000,54.000000,0.000000,0.000000,cpu,0,0
1790533908.000000,55.650000,0.000000,0.000000,cpu,0,0
1790533909.000000,54.000000,0.000000,0.000000,cpu,0,0
1790533910.000000,54.000000,0.000000,0.000000,cpu,0,0
1790533911.000000,53.450000,0.000000,0.000000,cpu,0,0
1790533912.000000,52.900000,0.000000,0.000000,cpu,0,0
1790533913.000000,54.550000,0.000000,0.000000,cpu,0,0
1790533914.000000,54.000000,0.000000,0.000000,cpu,0,0
1790533915.000000,55.100000,0.000000,0.000000,cpu,0,0
1790533916.000000,54.000000,0.000000,0.000000,cpu,0,0
1790533917.000000,54.000000,0.000000,0.000000,cpu,0,0
1790533918.000000,54.000000,0.000000,0.000000,cpu,0,0
1790533919.000000,54.000000,0.000000,0.000000,cpu,0,0
1790533920.000000,54.550000,0.000000,0.000000,cpu,0,0
1790533921.000000,54.550000,0.000000,0.000000,cpu,0,0
1790533922.000000,54.000000,0.000000,0.000000,cpu,0,0
1790533937.000000,53.450000,0.000000,0.000000,cpu,0,0
1790533938.000000,54.550000,0.000000,0.000000,cpu,0,0
1790533939.000000,54.000000,0.000000,0.000000,cpu,0,0
1790533940.000000,52.900000,0.000000,0.000000,cpu,0,0
1790533941.000000,54.000000,0.000000,0.000000,cpu,0,0
1790533942.000000,54.000000,0.000000,0.000000,cpu,0,0
1790533943.000000,55.650000,0.000000,0.000000,cpu,0,0
1790533944.000000,54.000000,0.000000,0.000000,cpu,0,0
1790533945.000000,54.000000,0.000000,0.000000,cpu,0,0
1790533946.000000,54.000000,0.000000,0.000000,cpu,0,0
1790533947.000000,53.450000,0.000000,0.000000,cpu,0,0
1790533948.000000,53.450000,0.000000,0.000000,cpu,0,0
1790533949.000000,55.100000,0.000000,0.000000,cpu,0,0
1790533950.000000,54.000000,0.000000,0.000000,cpu,0,0
1790533951.000000,54.000000,0.000000,0.000000,cpu,0,0
1790533952.000000,54.550000,0.000000,0.000000,cpu,0,0
1790533953.000000,53.450000,0.000000,0.000000,cpu,0,0
1790533954.000000,53.450000,0.000000,0.000000,cpu,0,0
1790533955.000000,52.900000,0.000000,0.000000,cpu,0,0
1790533956.000000,54.000000,0.000000,0.000000,cpu,0,0
1790533957.000000,54.550000,0.000000,0.000000,cpu,0,0
1790533958.000000,54.000000,0.000000,0.000000,cpu,0,0
1790533959.000000,54.000000,0.000000,0.000000,cpu,0,0
1790533960.000000,54.000000,0.000000,0.000000,cpu,0,0
1790533961.000000,54.000000,0.000000,0.000000,cpu,0,0
1790533962.000000,54.000000,0.000000,0.000000,cpu,0,0
1790533963.000000,55.100000,0.000000,0.000000,cpu,0,0
1790533964.000000,54.550000,0.000000,0.000000,cpu,0,0
1790533965.000000,53.450000,0.000000,0.000000,cpu,0,0
1790533966.000000,54.000000,0.000000,0.000000,cpu,0,0
1790533967.000000,54.000000,0.000000,0.000000,cpu,0,0
1790533968.000000,54.000000,0.000000,0.000000,cpu,0,0
1790533969.000000,54.000000,0.000000,0.000000,cpu,0,0
1790533970.000000,55.100000,0.000000,0.000000,cpu,0,0
1790533971.000000,54.000000,0.000000,0.000000,cpu,0,0
1790533972.000000,54.550000,0.000000,0.000000,cpu,0,0
1790533973.000000,52.900000,0.000000,0.000000,cpu,0,0
1790533974.000000,54.000000,0.000000,0.000000,cpu,0,0
1790533975.000000,54.550000,0.000000,0.000000,cpu,0,0
1790533976.000000,52.350000,0.000000,0.000000,cpu,0,0
1790533977.000000,52.900000,0.000000,0.000000,cpu,0,0
1790533978.000000,54.550000,0.000000,0.000000,cpu,0,0
1790533979.000000,54.550000,0.000000,0.000000,cpu,0,0
1790533980.000000,55.100000,0.000000,0.000000,cpu,0,0
1790533981.000000,54.000000,0.000000,0.000000,cpu,0,0
1790533982.000000,54.000000,0.000000,0.000000,cpu,0,0
1790533983.000000,54.550000,0.000000,0.000000,cpu,0,0
1790533984.000000,53.450000,0.000000,0.000000,cpu,0,0
1790533985.000000,53.450000,0.000000,0.000000,cpu,0,0
1790533986.000000,53.450000,0.000000,0.000000,cpu,0,0
1790533987.000000,53.450000,0.000000,0.000000,cpu,0,0
1790533988.000000,54.000000,0.000000,0.000000,cpu,0,0
1790533989.000000,55.100000,0.000000,0.000000,cpu,0,0
1790533990.000000,54.000000,0.000000,0.000000,cpu,0,0
1790533991.000000,54.000000,0.000000,0.000000,cpu,0,0
1790533992.000000,54.550000,0.000000,0.000000,cpu,0,0
1790533993.000000,53.450000,0.000000,0.000000,cpu,0,0
1790533994.000000,53.450000,0.000000,0.000000,cpu,0,0
1790533995.000000,54.000000,0.000000,0.000000,cpu,0,0
1790533996.000000,54.000000,0.000000,0.000000,cpu,0,0
1790533997.000000,53.450000,0.000000,0.000000,cpu,0,0
1790533998.000000,54.000000,0.000000,0.000000,cpu,0,0
1790533999.000000,52.900000,0.000000,0.000000,cpu,0,0
1790534000.000000,54.000000,0.000000,0.000000,cpu,0,0
1790534001.000000,54.000000,0.000000,0.000000,cpu,0,0
1790534002.000000,54.000000,0.000000,0.000000,cpu,0,0
1790534003.000000,54.000000,0.000000,0.000000,cpu,0,0
1790534004.000000,54.550000,0.000000,0.000000,cpu,0,0
1790534005.000000,52.900000,0.000000,0.000000,cpu,0,0
1790534006.000000,55.100000,0.000000,0.000000,cpu,0,0
1790534007.000000,54.000000,0.000000,0.000000,cpu,0,0
1790534008.000000,54.000000,0.000000,0.000000,cpu,0,0
1790534009.000000,55.100000,0.000000,0.000000,cpu,0,0
1790534010.000000,54.000000,0.000000,0.000000,cpu,0,0
1790534011.000000,54.000000,0.000000,0.000000,cpu,0,0
1790534012.000000,53.450000,0.000000,0.000000,cpu,0,0
1790534013.000000,55.100000,0.000000,0.000000,cpu,0,0
1790534014.000000,53.450000,0.000000,0.000000,cpu,0,0
1790534015.000000,56.200000,0.000000,0.000000,cpu,0,0
1790534016.000000,54.000000,0.000000,0.000000,cpu,0,0
1790534017.000000,54.000000,0.000000,0.000000,cpu,0,0
1790534018.000000,54.000000,0.000000,0.000000,cpu,0,0
1790534019.000000,54.000000,0.000000,0.000000,cpu,0,0
1790534020.000000,54.000000,0.000000,0.000000,cpu,0,0
1790534021.000000,54.000000,0.000000,0.000000,cpu,0,0
1790534022.000000,54.550000,0.000000,0.000000,cpu,0,0
1790534023.000000,54.000000,0.000000,0.000000,cpu,0,0
1790534024.000000,53.450000,0.000000,0.000000,cpu,0,0
1790534025.000000,54.000000,0.000000,0.000000,cpu,0,0
1790534026.000000,53.450000,0.000000,0.000000,cpu,0,0
1790534027.000000,54.000000,0.000000,0.000000,cpu,0,0
1790534028.000000,54.550000,0.000000,0.000000,cpu,0,0
1790534029.000000,54.000000,0.000000,0.000000,cpu,0,0
1790534030.000000,52.900000,0.000000,0.000000,cpu,0,0
1790534031.000000,54.000000,0.000000,0.000000,cpu,0,0
1790534032.000000,54.550000,0.000000,0.000000,cpu,0,0
1790534033.000000,54.000000,0.000000,0.000000,cpu,0,0
1790534034.000000,54.000000,0.000000,0.000000,cpu,0,0
1790534035.000000,53.450000,0.000000,0.000000,cpu,0,0
1790534036.000000,55.100000,0.000000,0.000000,cpu,0,0
1790534037.000000,54.550000,0.000000,0.000000,cpu,0,0
1790534038.000000,53.450000,0.000000,0.000000,cpu,0,0
1790534039.000000,54.550000,0.000000,0.000000,cpu,0,0
1790534040.000000,54.550000,0.000000,0.000000,cpu,0,0
1790534041.000000,54.000000,0.000000,0.000000,cpu,0,0
1790534042.000000,54.000000,0.000000,0.000000,cpu,0,0
1790534043.000000,54.000000,0.000000,0.000000,cpu,0,0
1790534044.000000,54.550000,0.000000,0.000000,cpu,0,0
1790534045.000000,54.000000,0.000000,0.000000,cpu,0,0
1790534046.000000,54.000000,0.000000,0.000000,cpu,0,0
1790534047.000000,55.100000,0.000000,0.000000,cpu,0,0
1790534048.000000,54.000000,0.000000,0.000000,cpu,0,0
1790534049.000000,54.000000,0.000000,0.000000,cpu,0,0
1790534050.000000,54.550000,0.000000,0.000000,cpu,0,0
1790534051.000000,54.000000,0.000000,0.000000,cpu,0,0
1790534052.000000,54.550000,0.000000,0.000000,cpu,0,0
1790534053.000000,53.450000,0.000000,0.000000,cpu,0,0
1790534054.000000,54.550000,0.000000,0.000000,cpu,0,0
1790534055.000000,54.550000,0.000000,0.000000,cpu,0,0
1790534056.000000,54.550000,0.000000,0.000000,cpu,0,0
1790534057.000000,54.000000,0.000000,0.000000,cpu,0,0
1790534058.000000,53.450000,0.000000,0.000000,cpu,0,0
1790534060.000000,54.550000,0.000000,0.000000,cpu,0,0
1790534061.000000,54.550000,0.000000,0.000000,cpu,0,0
1790534062.000000,54.550000,0.000000,0.000000,cpu,0,0
1790534063.000000,55.100000,0.000000,0.000000,cpu,0,0
1790534064.000000,54.000000,0.000000,0.000000,cpu,0,0
1790534065.000000,54.000000,0.000000,0.000000,cpu,0,0
1790534066.000000,54.000000,0.000000,0.000000,cpu,0,0
1790534067.000000,54.550000,0.000000,0.000000,cpu,0,0
1790534068.000000,54.550000,0.000000,0.000000,cpu,0,0
1790534069.000000,54.000000,0.000000,0.000000,cpu,0,0
1790534070.000000,54.000000,0.000000,0.000000,cpu,0,0
1790534071.000000,54.550000,0.000000,0.000000,cpu,0,0
1790534072.000000,54.000000,0.000000,0.000000,cpu,0,0
1790534073.000000,54.000000,0.000000,0.000000,cpu,0,0
1790534074.000000,54.000000,0.000000,0.000000,cpu,0,0
1790534075.000000,54.000000,0.000000,0.000000,cpu,0,0
1790534076.000000,54.000000,0.000000,0.000000,cpu,0,0
1790534077.000000,54.000000,0.000000,0.000000,cpu,0,0
1790534078.000000,54.000000,0.000000,0.000000,cpu,0,0
1790534079.000000,54.000000,0.000000,0.000000,cpu,0,0
1790534080.000000,54.550000,0.000000,0.000000,cpu,0,0
1790534081.000000,54.000000,0.000000,0.000000,cpu,0,0
1790534082.000000,54.550000,0.000000,0.000000,cpu,0,0
1790534083.000000,54.000000,0.000000,0.000000,cpu,0,0
1790534084.000000,54.000000,0.000000,0.000000,cpu,0,0
1790534085.000000,54.000000,0.000000,0.000000,cpu,0,0
1790534086.000000,55.100000,0.000000,0.000000,cpu,0,0
1790534087.000000,54.000000,0.000000,0.000000,cpu,0,0
1790534088.000000,54.550000,0.000000,0.000000,cpu,0,0
1790534089.000000,54.550000,0.000000,0.000000,cpu,0,0
1790534090.000000,53.450000,0.000000,0.000000,cpu,0,0
1790534091.000000,54.000000,0.000000,0.000000,cpu,0,0
1790534092.000000,54.000000,0.000000,0.000000,cpu,0,0
1790534093.000000,54.550000,0.000000,0.000000,cpu,0,0
1790534094.000000,54.550000,0.000000,0.000000,cpu,0,0
1790534095.000000,54.000000,0.000000,0.000000,cpu,0,0
1790534096.000000,54.000000,0.000000,0.000000,cpu,0,0
1790534097.000000,54.000000,0.000000,0.000000,cpu,0,0
1790534098.000000,54.000000,0.000000,0.000000,cpu,0,0
1790534099.000000,55.100000,0.000000,0.000000,cpu,0,0
1790534100.000000,53.450000,0.000000,0.000000,cpu,0,0
1790534101.000000,54.000000,0.000000,0.000000,cpu,0,0
1790534102.000000,55.100000,0.000000,0.000000,cpu,0,0
1790534103.000000,54.000000,0.000000,0.000000,cpu,0,0
1790534104.000000,54.000000,0.000000,0.000000,cpu,0,0
1790534105.000000,52.900000,0.000000,0.000000,cpu,0,0
1790534106.000000,54.550000,0.000000,0.000000,cpu,0,0
1790534107.000000,55.100000,0.000000,0.000000,cpu,0,0
1790534108.000000,55.650000,0.000000,0.000000,cpu,0,0
1790534109.000000,56.200000,0.000000,0.000000,cpu,0,0
1790534110.000000,54.550000,0.000000,0.000000,cpu,0,0
1790534111.000000,54.550000,0.000000,0.000000,cpu,0,0
1790534112.000000,54.000000,0.000000,0.000000,cpu,0,0
1790534113.000000,54.550000,0.000000,0.000000,cpu,0,0
1790534114.000000,54.550000,0.000000,0.000000,cpu,0,0
1790534115.000000,54.550000,0.000000,0.000000,cpu,0,0
1790534116.000000,54.550000,0.000000,0.000000,cpu,0,0
1790534117.000000,54.550000,0.000000,0.000000,cpu,0,0
1790534118.000000,54.550000,0.000000,0.000000,cpu,0,0
1790534119.000000,53.450000,0.000000,0.000000,cpu,0,0
1790534120.000000,54.000000,0.000000,0.000000,cpu,0,0
1790534136.000000,54.000000,0.000000,0.000000,cpu,0,0
1790534137.000000,55.100000,0.000000,0.000000,cpu,0,0
1790534138.000000,54.550000,0.000000,0.000000,cpu,0,0
1790534139.000000,55.100000,0.000000,0.000000,cpu,0,0
1790534140.000000,55.100000,0.000000,0.000000,cpu,0,0
1790534141.000000,55.100000,0.000000,0.000000,cpu,0,0
1790534142.000000,54.550000,0.000000,0.000000,cpu,0,0
1790534143.000000,55.100000,0.000000,0.000000,cpu,0,0
1790534144.000000,55.100000,0.000000,0.000000,cpu,0,0
1790534145.000000,54.550000,0.000000,0.000000,cpu,0,0
1790534146.000000,54.550000,0.000000,0.000000,cpu,0,0
1790534147.000000,54.550000,0.000000,0.000000,cpu,0,0
1790534148.000000,54.550000,0.000000,0.000000,cpu,0,0
1790534149.000000,54.000000,0.000000,0.000000,cpu,0,0
1790534150.000000,54.000000,0.000000,0.000000,cpu,0,0
1790534151.000000,54.550000,0.000000,0.000000,cpu,0,0
1790534152.000000,54.000000,0.000000,0.000000,cpu,0,0
1790534153.000000,54.550000,0.000000,0.000000,cpu,0,0
1790534154.000000,53.450000,0.000000,0.000000,cpu,0,0
1790534155.000000,55.650000,0.000000,0.000000,cpu,0,0
1790534156.000000,54.000000,0.000000,0.000000,cpu,0,0
1790534157.000000,54.000000,0.000000,0.000000,cpu,0,0
1790534158.000000,54.000000,0.000000,0.000000,cpu,0,0
1790534159.000000,54.550000,0.000000,0.000000,cpu,0,0
1790534160.000000,54.550000,0.000000,0.000000,cpu,0,0
1790534161.000000,54.550000,0.000000,0.000000,cpu,0,0
1790534162.000000,54.550000,0.000000,0.000000,cpu,0,0
1790534163.000000,54.550000,0.000000,0.000000,cpu,0,0
1790534164.000000,54.550000,0.000000,0.000000,cpu,0,0
1790534165.000000,55.100000,0.000000,0.000000,cpu,0,0
1790534166.000000,54.000000,0.000000,0.000000,cpu,0,0
1790534167.000000,54.550000,0.000000,0.000000,cpu,0,0
1790534168.000000,54.000000,0.000000,0.000000,cpu,0,0
1790534169.000000,54.550000,0.000000,0.000000,cpu,0,0
1790534170.000000,55.650000,0.000000,0.000000,cpu,0,0
1790534171.000000,54.000000,0.000000,0.000000,cpu,0,0
1790534172.000000,54.000000,0.000000,0.000000,cpu,0,0
1790534173.000000,54.000000,0.000000,0.000000,cpu,0,0
1790534174.000000,55.100000,0.000000,0.000000,cpu,0,0
1790534175.000000,54.550000,0.000000,0.000000,cpu,0,0
1790534176.000000,55.100000,0.000000,0.000000,cpu,0,0
1790534177.000000,54.550000,0.000000,0.000000,cpu,0,0
1790534178.000000,54.000000,0.000000,0.000000,cpu,0,0
1790534179.000000,54.550000,0.000000,0.000000,cpu,0,0
1790534180.000000,52.900000,0.000000,0.000000,cpu,0,0
1790534181.000000,54.000000,0.000000,0.000000,cpu,0,0
1790534182.000000,54.550000,0.000000,0.000000,cpu,0,0
1790534183.000000,54.000000,0.000000,0.000000,cpu,0,0
1790534184.000000,54.000000,0.000000,0.000000,cpu,0,0
1790534185.000000,54.550000,0.000000,0.000000,cpu,0,0
1790534186.000000,55.650000,0.000000,0.000000,cpu,0,0
1790534187.000000,53.450000,0.000000,0.000000,cpu,0,0
1790534188.000000,54.000000,0.000000,0.000000,cpu,0,0
1790534189.000000,54.550000,0.000000,0.000000,cpu,0,0
1790534190.000000,54.550000,0.000000,0.000000,cpu,0,0
1790534191.000000,54.000000,0.000000,0.000000,cpu,0,0
1790534192.000000,54.550000,0.000000,0.000000,cpu,0,0
1790534193.000000,54.550000,0.000000,0.000000,cpu,0,0
1790534194.000000,54.000000,0.000000,0.000000,cpu,0,0
1790534195.000000,54.000000,0.000000,0.000000,cpu,0,0
1790534196.000000,55.100000,0.000000,0.000000,cpu,0,0
1790534280.000000,56.200000,0.000000,0.000000,cpu,0,0
1790534281.000000,55.650000,0.000000,0.000000,cpu,0,0
1790534282.000000,55.650000,0.000000,0.000000,cpu,0,0
1790534283.000000,55.100000,0.000000,0.000000,cpu,0,0
1790534284.000000,55.100000,0.000000,0.000000,cpu,0,0
1790534285.000000,55.100000,0.000000,0.000000,cpu,0,0
1790534286.000000,54.550000,0.000000,0.000000,cpu,0,0
1790534287.000000,55.650000,0.000000,0.000000,cpu,0,0
1790534288.000000,56.200000,0.000000,0.000000,cpu,0,0
1790534289.000000,55.100000,0.000000,0.000000,cpu,0,0
1790534290.000000,57.300000,0.000000,0.000000,cpu,0,0
1790534291.000000,54.550000,0.000000,0.000000,cpu,0,0
1790534292.000000,55.650000,0.000000,0.000000,cpu,0,0
1790534293.000000,54.550000,0.000000,0.000000,cpu,0,0
1790534294.000000,55.100000,0.000000,0.000000,cpu,0,0
1790534295.000000,54.000000,0.000000,0.000000,cpu,0,0
1790534296.000000,54.550000,0.000000,0.000000,cpu,0,0
1790534297.000000,55.100000,0.000000,0.000000,cpu,0,0
1790534298.000000,55.100000,0.000000,0.000000,cpu,0,0
1790534299.000000,54.550000,0.000000,0.000000,cpu,0,0
1790534300.000000,55.100000,0.000000,0.000000,cpu,0,0
1790534301.000000,55.100000,0.000000,0.000000,cpu,0,0
1790534302.000000,55.100000,0.000000,0.000000,cpu,0,0
1790534303.000000,54.550000,0.000000,0.000000,cpu,0,0
1790534304.000000,54.550000,0.000000,0.000000,cpu,0,0
1790534305.000000,55.100000,0.000000,0.000000,cpu,0,0
1790534306.000000,54.550000,0.000000,0.000000,cpu,0,0
1790534307.000000,55.100000,0.000000,0.000000,cpu,0,0
1790534308.000000,55.100000,0.000000,0.000000,cpu,0,0
1790534309.000000,54.550000,0.000000,0.000000,cpu,0,0
1790534310.000000,55.100000,0.000000,0.000000,cpu,0,0
1790534311.000000,55.650000,0.000000,0.000000,cpu,0,0
1790534312.000000,54.550000,0.000000,0.000000,cpu,0,0
1790534313.000000,54.550000,0.000000,0.000000,cpu,0,0
1790534314.000000,54.550000,0.000000,0.000000,cpu,0,0
1790534315.000000,54.550000,0.000000,0.000000,cpu,0,0
1790534316.000000,55.100000,0.000000,0.000000,cpu,0,0
1790534317.000000,54.550000,0.000000,0.000000,cpu,0,0
1790534318.000000,54.000000,0.000000,0.000000,cpu,0,0
1790534319.000000,54.550000,0.000000,0.000000,cpu,0,0
1790534320.000000,54.000000,0.000000,0.000000,cpu,0,0
1790534321.000000,54.000000,0.000000,0.000000,cpu,0,0
1790534322.000000,55.650000,0.000000,0.000000,cpu,0,0
1790534323.000000,52.900000,0.000000,0.000000,cpu,0,0
1790534324.000000,54.550000,0.000000,0.000000,cpu,0,0
1790534325.000000,54.000000,0.000000,0.000000,cpu,0,0
1790534326.000000,55.100000,0.000000,0.000000,cpu,0,0
1790534327.000000,54.550000,0.000000,0.000000,cpu,0,0
1790534328.000000,54.000000,0.000000,0.000000,cpu,0,0
1790534329.000000,54.550000,0.000000,0.000000,cpu,0,0
1790534330.000000,55.100000,0.000000,0.000000,cpu,0,0
1790534331.000000,54.550000,0.000000,0.000000,cpu,0,0
1790534332.000000,54.000000,0.000000,0.000000,cpu,0,0
1790534333.000000,54.550000,0.000000,0.000000,cpu,0,0
1790534334.000000,54.550000,0.000000,0.000000,cpu,0,0
1790534335.000000,54.550000,0.000000,0.000000,cpu,0,0
1790534336.000000,54.550000,0.000000,0.000000,cpu,0,0
1790534337.000000,55.100000,0.000000,0.000000,cpu,0,0
1790534338.000000,54.550000,0.000000,0.000000,cpu,0,0
1790534339.000000,54.550000,0.000000,0.000000,cpu,0,0
1790534340.000000,54.550000,0.000000,0.000000,cpu,0,0
1790534343.000000,54.550000,0.000000,0.000000,cpu,0,0
1790534344.000000,54.550000,0.000000,0.000000,cpu,0,0
1790534345.000000,54.000000,0.000000,0.000000,cpu,0,0
1790534346.000000,54.550000,0.000000,0.000000,cpu,0,0
1790534347.000000,54.550000,0.000000,0.000000,cpu,0,0
1790534348.000000,54.000000,0.000000,0.000000,cpu,0,0
1790534349.000000,54.550000,0.000000,0.000000,cpu,0,0
1790534350.000000,54.550000,0.000000,0.000000,cpu,0,0
1790534351.000000,54.550000,0.000000,0.000000,cpu,0,0
1790534352.000000,54.550000,0.000000,0.000000,cpu,0,0
1790534353.000000,54.000000,0.000000,0.000000,cpu,0,0
1790534354.000000,54.000000,0.000000,0.000000,cpu,0,0
1790534355.000000,54.550000,0.000000,0.000000,cpu,0,0
1790534356.000000,54.000000,0.000000,0.000000,cpu,0,0
1790534357.000000,54.550000,0.000000,0.000000,cpu,0,0
1790534358.000000,53.450000,0.000000,0.000000,cpu,0,0
1790534359.000000,54.000000,0.000000,0.000000,cpu,0,0
1790534360.000000,55.100000,0.000000,0.000000,cpu,0,0
1790534361.000000,55.100000,0.000000,0.000000,cpu,0,0
1790534362.000000,52.900000,0.000000,0.000000,cpu,0,0
1790534363.000000,55.100000,0.000000,0.000000,cpu,0,0
1790534364.000000,54.550000,0.000000,0.000000,cpu,0,0
1790534365.000000,54.550000,0.000000,0.000000,cpu,0,0
1790534366.000000,54.550000,0.000000,0.000000,cpu,0,0
1790534367.000000,54.000000,0.000000,0.000000,cpu,0,0
1790534368.000000,54.000000,0.000000,0.000000,cpu,0,0
1790534369.000000,54.550000,0.000000,0.000000,cpu,0,0
1790534370.000000,54.000000,0.000000,0.000000,cpu,0,0
1790534371.000000,54.550000,0.000000,0.000000,cpu,0,0
1790534372.000000,54.550000,0.000000,0.000000,cpu,0,0
1790534373.000000,54.000000,0.000000,0.000000,cpu,0,0
1790534374.000000,54.550000,0.000000,0.000000,cpu,0,0
1790534375.000000,54.550000,0.000000,0.000000,cpu,0,0
1790534376.000000,54.550000,0.000000,0.000000,cpu,0,0
1790534377.000000,55.650000,0.000000,0.000000,cpu,0,0
1790534378.000000,54.550000,0.000000,0.000000,cpu,0,0
1790534379.000000,54.000000,0.000000,0.000000,cpu,0,0
1790534380.000000,54.000000,0.000000,0.000000,cpu,0,0
1790534381.000000,54.000000,0.000000,0.000000,cpu,0,0
1790534382.000000,55.100000,0.000000,0.000000,cpu,0,0
1790534383.000000,54.550000,0.000000,0.000000,cpu,0,0
1790534384.000000,54.550000,0.000000,0.000000,cpu,0,0
1790534385.000000,54.550000,0.000000,0.000000,cpu,0,0
1790534386.000000,54.000000,0.000000,0.000000,cpu,0,0
1790534387.000000,53.450000,0.000000,0.000000,cpu,0,0
1790534388.000000,54.000000,0.000000,0.000000,cpu,0,0
1790534389.000000,54.000000,0.000000,0.000000,cpu,0,0
1790534390.000000,54.550000,0.000000,0.000000,cpu,0,0
1790534391.000000,54.550000,0.000000,0.000000,cpu,0,0
1790534392.000000,53.450000,0.000000,0.000000,cpu,0,0
1790534393.000000,54.000000,0.000000,0.000000,cpu,0,0
1790534394.000000,54.000000,0.000000,0.000000,cpu,0,0
1790534395.000000,54.550000,0.000000,0.000000,cpu,0,0
1790534396.000000,53.450000,0.000000,0.000000,cpu,0,0
1790534397.000000,54.000000,0.000000,0.000000,cpu,0,0
1790534398.000000,54.000000,0.000000,0.000000,cpu,0,0
1790534399.000000,55.650000,0.000000,0.000000,cpu,0,0
1790534400.000000,54.550000,0.000000,0.000000,cpu,0,0
1790534401.000000,54.550000,0.000000,0.000000,cpu,0,0
1790534402.000000,54.000000,0.000000,0.000000,cpu,0,0
1790534403.000000,55.100000,0.000000,0.000000,cpu,0,0
1790534409.000000,56.200000,0.000000,0.000000,cpu,0,0
1790534410.000000,54.000000,0.000000,0.000000,cpu,0,0
1790534411.000000,54.550000,0.000000,0.000000,cpu,0,0
1790534412.000000,54.000000,0.000000,0.000000,cpu,0,0
1790534413.000000,55.100000,0.000000,0.000000,cpu,0,0
1790534414.000000,54.000000,0.000000,0.000000,cpu,0,0
1790534415.000000,54.000000,0.000000,0.000000,cpu,0,0
1790534416.000000,54.000000,0.000000,0.000000,cpu,0,0
1790534417.000000,53.450000,0.000000,0.000000,cpu,0,0
1790534418.000000,55.650000,0.000000,0.000000,cpu,0,0
1790534419.000000,54.000000,0.000000,0.000000,cpu,0,0
1790534420.000000,54.000000,0.000000,0.000000,cpu,0,0
1790534421.000000,54.000000,0.000000,0.000000,cpu,0,0
1790534422.000000,55.100000,0.000000,0.000000,cpu,0,0
1790534423.000000,54.000000,0.000000,0.000000,cpu,0,0
1790534424.000000,54.000000,0.000000,0.000000,cpu,0,0
1790534425.000000,55.100000,0.000000,0.000000,cpu,0,0
1790534426.000000,54.550000,0.000000,0.000000,cpu,0,0
1790534427.000000,54.000000,0.000000,0.000000,cpu,0,0
1790534428.000000,54.000000,0.000000,0.000000,cpu,0,0
1790534429.000000,54.550000,0.000000,0.000000,cpu,0,0
1790534430.000000,54.550000,0.000000,0.000000,cpu,0,0
1790534431.000000,54.550000,0.000000,0.000000,cpu,0,0
1790534432.000000,53.450000,0.000000,0.000000,cpu,0,0
1790534433.000000,54.000000,0.000000,0.000000,cpu,0,0
1790534434.000000,54.000000,0.000000,0.000000,cpu,0,0
1790534435.000000,54.000000,0.000000,0.000000,cpu,0,0
1790534436.000000,54.000000,0.000000,0.000000,cpu,0,0
1790534437.000000,54.000000,0.000000,0.000000,cpu,0,0
1790534438.000000,55.100000,0.000000,0.000000,cpu,0,0
1790534439.000000,54.000000,0.000000,0.000000,cpu,0,0
1790534440.000000,55.100000,0.000000,0.000000,cpu,0,0
1790534441.000000,54.000000,0.000000,0.000000,cpu,0,0
1790534442.000000,54.000000,0.000000,0.000000,cpu,0,0
1790534443.000000,54.000000,0.000000,0.000000,cpu,0,0
1790534444.000000,54.000000,0.000000,0.000000,cpu,0,0
1790534445.000000,54.000000,0.000000,0.000000,cpu,0,0
1790534446.000000,54.000000,0.000000,0.000000,cpu,0,0
1790534447.000000,54.000000,0.000000,0.000000,cpu,0,0
1790534448.000000,53.450000,0.000000,0.000000,cpu,0,0
1790534449.000000,53.450000,0.000000,0.000000,cpu,0,0
1790534450.000000,54.000000,0.000000,0.000000,cpu,0,0
1790534451.000000,54.550000,0.000000,0.000000,cpu,0,0
1790534452.000000,54.550000,0.000000,0.000000,cpu,0,0
1790534453.000000,53.450000,0.000000,0.000000,cpu,0,0
1790534454.000000,54.000000,0.000000,0.000000,cpu,0,0
1790534455.000000,54.000000,0.000000,0.000000,cpu,0,0
1790534456.000000,53.450000,0.000000,0.000000,cpu,0,0
1790534457.000000,54.000000,0.000000,0.000000,cpu,0,0
1790534458.000000,55.100000,0.000000,0.000000,cpu,0,0
1790534459.000000,54.000000,0.000000,0.000000,cpu,0,0
1790534460.000000,54.000000,0.000000,0.000000,cpu,0,0
1790534461.000000,54.000000,0.000000,0.000000,cpu,0,0
1790534462.000000,54.550000,0.000000,0.000000,cpu,0,0
1790534463.000000,53.450000,0.000000,0.000000,cpu,0,0
1790534464.000000,52.350000,0.000000,0.000000,cpu,0,0
1790534465.000000,53.450000,0.000000,0.000000,cpu,0,0
1790534466.000000,54.550000,0.000000,0.000000,cpu,0,0
1790534467.000000,54.000000,0.000000,0.000000,cpu,0,0
1790534468.000000,54.000000,0.000000,0.000000,cpu,0,0
1790534469.000000,55.100000,0.000000,0.000000,cpu,0,0
1790534472.000000,54.000000,0.000000,0.000000,cpu,0,0
1790534473.000000,54.550000,0.000000,0.000000,cpu,0,0
1790534474.000000,54.000000,0.000000,0.000000,cpu,0,0
1790534475.000000,54.000000,0.000000,0.000000,cpu,0,0
1790534476.000000,53.450000,0.000000,0.000000,cpu,0,0
1790534477.000000,54.000000,0.000000,0.000000,cpu,0,0
1790534478.000000,54.550000,0.000000,0.000000,cpu,0,0
1790534479.000000,53.450000,0.000000,0.000000,cpu,0,0
1790534480.000000,54.550000,0.000000,0.000000,cpu,0,0
1790534481.000000,52.350000,0.000000,0.000000,cpu,0,0
1790534482.000000,54.000000,0.000000,0.000000,cpu,0,0
1790534483.000000,54.000000,0.000000,0.000000,cpu,0,0
1790534484.000000,55.100000,0.000000,0.000000,cpu,0,0
1790534485.000000,54.000000,0.000000,0.000000,cpu,0,0
1790534486.000000,54.550000,0.000000,0.000000,cpu,0,0
1790534487.000000,54.000000,0.000000,0.000000,cpu,0,0
1790534488.000000,54.000000,0.000000,0.000000,cpu,0,0
1790534489.000000,54.000000,0.000000,0.000000,cpu,0,0
1790534490.000000,53.450000,0.000000,0.000000,cpu,0,0
1790534491.000000,54.000000,0.000000,0.000000,cpu,0,0
1790534492.000000,54.000000,0.000000,0.000000,cpu,0,0
1790534493.000000,53.450000,0.000000,0.000000,cpu,0,0
1790534494.000000,53.450000,0.000000,0.000000,cpu,0,0
1790534495.000000,54.000000,0.000000,0.000000,cpu,0,0
1790534496.000000,54.550000,0.000000,0.000000,cpu,0,0
1790534497.000000,54.000000,0.000000,0.000000,cpu,0,0
1790534498.000000,54.000000,0.000000,0.000000,cpu,0,0
1790534499.000000,54.550000,0.000000,0.000000,cpu,0,0
1790534500.000000,54.000000,0.000000,0.000000,cpu,0,0
1790534501.000000,54.000000,0.000000,0.000000,cpu,0,0
1790534502.000000,53.450000,0.000000,0.000000,cpu,0,0
1790534503.000000,54.000000,0.000000,0.000000,cpu,0,0
1790534504.000000,54.000000,0.000000,0.000000,cpu,0,0
1790534505.000000,54.000000,0.000000,0.000000,cpu,0,0
1790534506.000000,55.100000,0.000000,0.000000,cpu,0,0
1790534507.000000,54.550000,0.000000,0.000000,cpu,0,0
1790534508.000000,55.100000,0.000000,0.000000,cpu,0,0
1790534509.000000,52.900000,0.000000,0.000000,cpu,0,0
1790534510.000000,53.450000,0.000000,0.000000,cpu,0,0
1790534511.000000,54.000000,0.000000,0.000000,cpu,0,0
1790534512.000000,54.000000,0.000000,0.000000,cpu,0,0
1790534513.000000,53.450000,0.000000,0.000000,cpu,0,0
1790534514.000000,54.000000,0.000000,0.000000,cpu,0,0
1790534515.000000,54.000000,0.000000,0.000000,cpu,0,0
1790534516.000000,54.000000,0.000000,0.000000,cpu,0,0
1790534517.000000,54.000000,0.000000,0.000000,cpu,0,0
1790534518.000000,53.450000,0.000000,0.000000,cpu,0,0
1790534519.000000,54.000000,0.000000,0.000000,cpu,0,0
1790534520.000000,53.450000,0.000000,0.000000,cpu,0,0
1790534521.000000,54.000000,0.000000,0.000000,cpu,0,0
1790534522.000000,54.550000,0.000000,0.000000,cpu,0,0
1790534523.000000,55.100000,0.000000,0.000000,cpu,0,0
1790534524.000000,54.000000,0.000000,0.000000,cpu,0,0
1790534525.000000,54.000000,0.000000,0.000000,cpu,0,0
1790534526.000000,54.000000,0.000000,0.000000,cpu,0,0
1790534527.000000,54.000000,0.000000,0.000000,cpu,0,0
1790534528.000000,54.000000,0.000000,0.000000,cpu,0,0
1790534529.000000,54.000000,0.000000,0.000000,cpu,0,0
1790534530.000000,53.450000,0.000000,0.000000,cpu,0,0
1790534531.000000,53.450000,0.000000,0.000000,cpu,0,0
1790534532.000000,54.000000,0.000000,0.000000,cpu,0,0
1790534541.000000,55.100000,0.000000,0.000000,cpu,0,0
1790534542.000000,54.000000,0.000000,0.000000,cpu,0,0
1790534543.000000,54.000000,0.000000,0.000000,cpu,0,0
1790534544.000000,53.450000,0.000000,0.000000,cpu,0,0
1790534545.000000,53.450000,0.000000,0.000000,cpu,0,0
1790534546.000000,55.100000,0.000000,0.000000,cpu,0,0
1790534547.000000,54.000000,0.000000,0.000000,cpu,0,0
1790534548.000000,54.000000,0.000000,0.000000,cpu,0,0
1790534549.000000,54.000000,0.000000,0.000000,cpu,0,0
1790534550.000000,52.900000,0.000000,0.000000,cpu,0,0
1790534551.000000,54.000000,0.000000,0.000000,cpu,0,0
1790534552.000000,54.000000,0.000000,0.000000,cpu,0,0
1790534553.000000,53.450000,0.000000,0.000000,cpu,0,0
1790534554.000000,54.000000,0.000000,0.000000,cpu,0,0
1790534555.000000,54.000000,0.000000,0.000000,cpu,0,0
1790534556.000000,54.000000,0.000000,0.000000,cpu,0,0
1790534557.000000,55.100000,0.000000,0.000000,cpu,0,0
1790534558.000000,54.550000,0.000000,0.000000,cpu,0,0
1790534559.000000,54.000000,0.000000,0.000000,cpu,0,0
1790534560.000000,54.000000,0.000000,0.000000,cpu,0,0
1790534561.000000,54.000000,0.000000,0.000000,cpu,0,0
1790534562.000000,53.450000,0.000000,0.000000,cpu,0,0
1790534563.000000,54.000000,0.000000,0.000000,cpu,0,0
1790534564.000000,54.550000,0.000000,0.000000,cpu,0,0
1790534565.000000,53.450000,0.000000,0.000000,cpu,0,0
1790534566.000000,54.000000,0.000000,0.000000,cpu,0,0
1790534567.000000,53.450000,0.000000,0.000000,cpu,0,0
1790534568.000000,53.450000,0.000000,0.000000,cpu,0,0
1790534569.000000,54.550000,0.000000,0.000000,cpu,0,0
1790534570.000000,54.000000,0.000000,0.000000,cpu,0,0
1790534571.000000,54.000000,0.000000,0.000000,cpu,0,0
1790534572.000000,54.550000,0.000000,0.000000,cpu,0,0
1790534573.000000,54.000000,0.000000,0.000000,cpu,0,0
1790534574.000000,54.000000,0.000000,0.000000,cpu,0,0
1790534575.000000,51.800000,0.000000,0.000000,cpu,0,0
1790534576.000000,54.000000,0.000000,0.000000,cpu,0,0
1790534577.000000,54.000000,0.000000,0.000000,cpu,0,0
1790534578.000000,53.450000,0.000000,0.000000,cpu,0,0
1790534579.000000,53.450000,0.000000,0.000000,cpu,0,0
1790534580.000000,53.450000,0.000000,0.000000,cpu,0,0
1790534581.000000,54.000000,0.000000,0.000000,cpu,0,0
1790534582.000000,53.450000,0.000000,0.000000,cpu,0,0
1790534583.000000,54.000000,0.000000,0.000000,cpu,0,0
1790534584.000000,53.450000,0.000000,0.000000,cpu,0,0
1790534585.000000,54.000000,0.000000,0.000000,cpu,0,0
1790534586.000000,54.000000,0.000000,0.000000,cpu,0,0
1790534587.000000,54.000000,0.000000,0.000000,cpu,0,0
1790534588.000000,53.450000,0.000000,0.000000,cpu,0,0
1790534589.000000,53.450000,0.000000,0.000000,cpu,0,0
1790534590.000000,54.000000,0.000000,0.000000,cpu,0,0
1790534591.000000,54.550000,0.000000,0.000000,cpu,0,0
1790534592.000000,54.000000,0.000000,0.000000,cpu,0,0
1790534593.000000,54.000000,0.000000,0.000000,cpu,0,0
1790534594.000000,54.000000,0.000000,0.000000,cpu,0,0
1790534595.000000,54.000000,0.000000,0.000000,cpu,0,0
1790534596.000000,55.100000,0.000000,0.000000,cpu,0,0
1790534597.000000,53.450000,0.000000,0.000000,cpu,0,0
1790534598.000000,54.550000,0.000000,0.000000,cpu,0,0
1790534599.000000,52.900000,0.000000,0.000000,cpu,0,0
1790534600.000000,53.450000,0.000000,0.000000,cpu,0,0
1790534601.000000,54.000000,0.000000,0.000000,cpu,0,0
1790535219.000000,53.450000,0.000000,0.000000,cpu,0,0
1790535220.000000,54.550000,0.000000,0.000000,cpu,0,0
1790535221.000000,54.000000,0.000000,0.000000,cpu,0,0
1790535222.000000,52.900000,0.000000,0.000000,cpu,0,0
1790535223.000000,54.000000,0.000000,0.000000,cpu,0,0
1790535224.000000,53.450000,0.000000,0.000000,cpu,0,0
1790535225.000000,52.350000,0.000000,0.000000,cpu,0,0
1790535226.000000,53.450000,0.000000,0.000000,cpu,0,0
1790535227.000000,53.450000,0.000000,0.000000,cpu,0,0
1790535228.000000,54.000000,0.000000,0.000000,cpu,0,0
1790535229.000000,54.000000,0.000000,0.000000,cpu,0,0
1790535230.000000,53.450000,0.000000,0.000000,cpu,0,0
1790535231.000000,53.450000,0.000000,0.000000,cpu,0,0
1790535232.000000,54.000000,0.000000,0.000000,cpu,0,0
1790535233.000000,54.000000,0.000000,0.000000,cpu,0,0
1790535234.000000,54.000000,0.000000,0.000000,cpu,0,0
1790535235.000000,53.450000,0.000000,0.000000,cpu,0,0
1790535236.000000,54.550000,0.000000,0.000000,cpu,0,0
1790535237.000000,53.450000,0.000000,0.000000,cpu,0,0
1790535238.000000,53.450000,0.000000,0.000000,cpu,0,0
1790535239.000000,53.450000,0.000000,0.000000,cpu,0,0
1790535240.000000,53.450000,0.000000,0.000000,cpu,0,0
1790535241.000000,52.900000,0.000000,0.000000,cpu,0,0
1790535242.000000,54.550000,0.000000,0.000000,cpu,0,0
1790535243.000000,53.450000,0.000000,0.000000,cpu,0,0
1790535244.000000,53.450000,0.000000,0.000000,cpu,0,0
1790535245.000000,51.800000,0.000000,0.000000,cpu,0,0
1790535246.000000,52.350000,0.000000,0.000000,cpu,0,0
1790535247.000000,53.450000,0.000000,0.000000,cpu,0,0
1790535248.000000,54.000000,0.000000,0.000000,cpu,0,0
1790535249.000000,52.900000,0.000000,0.000000,cpu,0,0
1790535250.000000,52.900000,0.000000,0.000000,cpu,0,0
1790535251.000000,53.450000,0.000000,0.000000,cpu,0,0
1790535252.000000,51.800000,0.000000,0.000000,cpu,0,0
1790535253.000000,53.450000,0.000000,0.000000,cpu,0,0
1790535254.000000,52.350000,0.000000,0.000000,cpu,0,0
1790535255.000000,52.900000,0.000000,0.000000,cpu,0,0
1790535256.000000,52.350000,0.000000,0.000000,cpu,0,0
1790535257.000000,54.000000,0.000000,0.000000,cpu,0,0
1790535258.000000,54.000000,0.000000,0.000000,cpu,0,0
1790535259.000000,54.550000,0.000000,0.000000,cpu,0,0
1790535260.000000,52.900000,0.000000,0.000000,cpu,0,0
1790535261.000000,52.900000,0.000000,0.000000,cpu,0,0
1790535262.000000,52.350000,0.000000,0.000000,cpu,0,0
1790535263.000000,53.450000,0.000000,0.000000,cpu,0,0
1790535264.000000,52.900000,0.000000,0.000000,cpu,0,0
1790535265.000000,52.900000,0.000000,0.000000,cpu,0,0
1790535266.000000,52.900000,0.000000,0.000000,cpu,0,0
1790535267.000000,52.350000,0.000000,0.000000,cpu,0,0
1790535268.000000,52.900000,0.000000,0.000000,cpu,0,0
1790535269.000000,53.450000,0.000000,0.000000,cpu,0,0
1790535270.000000,52.900000,0.000000,0.000000,cpu,0,0
1790535271.000000,52.350000,0.000000,0.000000,cpu,0,0
1790535272.000000,52.900000,0.000000,0.000000,cpu,0,0
1790535273.000000,52.900000,0.000000,0.000000,cpu,0,0
1790535274.000000,52.900000,0.000000,0.000000,cpu,0,0
1790535275.000000,52.350000,0.000000,0.000000,cpu,0,0
1790535276.000000,52.350000,0.000000,0.000000,cpu,0,0
1790535277.000000,52.350000,0.000000,0.000000,cpu,0,0
1790535278.000000,52.350000,0.000000,0.000000,cpu,0,0
1790535279.000000,52.350000,0.000000,0.000000,cpu,0,0
1790535353.000000,50.700000,0.000000,0.000000,cpu,0,0
1790535354.000000,51.250000,0.000000,0.000000,cpu,0,0
1790535355.000000,51.800000,0.000000,0.000000,cpu,0,0
1790535356.000000,51.800000,0.000000,0.000000,cpu,0,0
1790535357.000000,52.350000,0.000000,0.000000,cpu,0,0
1790535358.000000,52.900000,0.000000,0.000000,cpu,0,0
1790535359.000000,51.800000,0.000000,0.000000,cpu,0,0
1790535360.000000,51.800000,0.000000,0.000000,cpu,0,0
1790535361.000000,51.250000,0.000000,0.000000,cpu,0,0
1790535362.000000,51.800000,0.000000,0.000000,cpu,0,0
1790535363.000000,51.250000,0.000000,0.000000,cpu,0,0
1790535364.000000,53.450000,0.000000,0.000000,cpu,0,0
1790535365.000000,51.800000,0.000000,0.000000,cpu,0,0
1790535366.000000,51.800000,0.000000,0.000000,cpu,0,0
1790535367.000000,51.800000,0.000000,0.000000,cpu,0,0
1790535368.000000,51.250000,0.000000,0.000000,cpu,0,0
1790535369.000000,51.800000,0.000000,0.000000,cpu,0,0
1790535370.000000,51.800000,0.000000,0.000000,cpu,0,0
1790535371.000000,51.250000,0.000000,0.000000,cpu,0,0
1790535372.000000,51.250000,0.000000,0.000000,cpu,0,0
1790535373.000000,51.250000,0.000000,0.000000,cpu,0,0
1790535374.000000,52.350000,0.000000,0.000000,cpu,0,0
1790535375.000000,51.250000,0.000000,0.000000,cpu,0,0
1790535376.000000,51.250000,0.000000,0.000000,cpu,0,0
1790535377.000000,51.800000,0.000000,0.000000,cpu,0,0
1790535378.000000,51.800000,0.000000,0.000000,cpu,0,0
1790535379.000000,51.800000,0.000000,0.000000,cpu,0,0
1790535380.000000,51.250000,0.000000,0.000000,cpu,0,0
1790535381.000000,51.250000,0.000000,0.000000,cpu,0,0
1790535382.000000,51.250000,0.000000,0.000000,cpu,0,0
1790535383.000000,51.250000,0.000000,0.000000,cpu,0,0
1790535384.000000,51.250000,0.000000,0.000000,cpu,0,0
1790535385.000000,51.250000,0.000000,0.000000,cpu,0,0
1790535386.000000,51.800000,0.000000,0.000000,cpu,0,0
1790535387.000000,51.800000,0.000000,0.000000,cpu,0,0
1790535388.000000,53.450000,0.000000,0.000000,cpu,0,0
1790535389.000000,50.150000,0.000000,0.000000,cpu,0,0
1790535390.000000,51.250000,0.000000,0.000000,cpu,0,0
1790535391.000000,50.700000,0.000000,0.000000,cpu,0,0
1790535392.000000,52.900000,0.000000,0.000000,cpu,0,0
1790535393.000000,51.250000,0.000000,0.000000,cpu,0,0
1790535394.000000,51.800000,0.000000,0.000000,cpu,0,0
1790535395.000000,51.800000,0.000000,0.000000,cpu,0,0
1790535396.000000,51.800000,0.000000,0.000000,cpu,0,0
1790535397.000000,51.250000,0.000000,0.000000,cpu,0,0
1790535398.000000,53.450000,0.000000,0.000000,cpu,0,0
1790535399.000000,51.250000,0.000000,0.000000,cpu,0,0
1790535400.000000,50.150000,0.000000,0.000000,cpu,0,0
1790535401.000000,50.700000,0.000000,0.000000,cpu,0,0
1790535402.000000,51.250000,0.000000,0.000000,cpu,0,0
1790535403.000000,51.250000,0.000000,0.000000,cpu,0,0
1790535404.000000,51.250000,0.000000,0.000000,cpu,0,0
1790535405.000000,51.250000,0.000000,0.000000,cpu,0,0
1790535406.000000,51.250000,0.000000,0.000000,cpu,0,0
1790535407.000000,50.700000,0.000000,0.000000,cpu,0,0
1790535408.000000,51.800000,0.000000,0.000000,cpu,0,0
1790535409.000000,51.800000,0.000000,0.000000,cpu,0,0
1790535410.000000,50.700000,0.000000,0.000000,cpu,0,0
1790535411.000000,51.250000,0.000000,0.000000,cpu,0,0
1790535412.000000,51.250000,0.000000,0.000000,cpu,0,0
1790535413.000000,51.250000,0.000000,0.000000,cpu,0,0
1790535416.000000,51.800000,0.000000,0.000000,cpu,0,0
1790535417.000000,51.250000,0.000000,0.000000,cpu,0,0
1790535418.000000,50.700000,0.000000,0.000000,cpu,0,0
1790535419.000000,51.800000,0.000000,0.000000,cpu,0,0
1790535420.000000,52.350000,0.000000,0.000000,cpu,0,0
1790535421.000000,51.250000,0.000000,0.000000,cpu,0,0
1790535422.000000,52.350000,0.000000,0.000000,cpu,0,0
1790535423.000000,51.250000,0.000000,0.000000,cpu,0,0
1790535424.000000,51.800000,0.000000,0.000000,cpu,0,0
1790535425.000000,51.250000,0.000000,0.000000,cpu,0,0
1790535426.000000,51.250000,0.000000,0.000000,cpu,0,0
1790535427.000000,51.250000,0.000000,0.000000,cpu,0,0
1790535428.000000,52.350000,0.000000,0.000000,cpu,0,0
1790535429.000000,50.150000,0.000000,0.000000,cpu,0,0
1790535430.000000,52.350000,0.000000,0.000000,cpu,0,0
1790535431.000000,49.600000,0.000000,0.000000,cpu,0,0
1790535432.000000,50.150000,0.000000,0.000000,cpu,0,0
1790535433.000000,51.800000,0.000000,0.000000,cpu,0,0
1790535434.000000,51.250000,0.000000,0.000000,cpu,0,0
1790535435.000000,51.250000,0.000000,0.000000,cpu,0,0
1790535436.000000,51.250000,0.000000,0.000000,cpu,0,0
1790535437.000000,51.800000,0.000000,0.000000,cpu,0,0
1790535438.000000,51.250000,0.000000,0.000000,cpu,0,0
1790535439.000000,51.250000,0.000000,0.000000,cpu,0,0
1790535440.000000,51.250000,0.000000,0.000000,cpu,0,0
1790535441.000000,51.800000,0.000000,0.000000,cpu,0,0
1790535442.000000,51.800000,0.000000,0.000000,cpu,0,0
1790535443.000000,51.250000,0.000000,0.000000,cpu,0,0
1790535444.000000,51.250000,0.000000,0.000000,cpu,0,0
1790535445.000000,51.800000,0.000000,0.000000,cpu,0,0
1790535446.000000,50.150000,0.000000,0.000000,cpu,0,0
1790535447.000000,51.800000,0.000000,0.000000,cpu,0,0
1790535448.000000,50.700000,0.000000,0.000000,cpu,0,0
1790535449.000000,51.800000,0.000000,0.000000,cpu,0,0
1790535450.000000,51.250000,0.000000,0.000000,cpu,0,0
1790535451.000000,51.250000,0.000000,0.000000,cpu,0,0
1790535452.000000,51.800000,0.000000,0.000000,cpu,0,0
1790535453.000000,51.800000,0.000000,0.000000,cpu,0,0
1790535454.000000,51.250000,0.000000,0.000000,cpu,0,0
1790535455.000000,51.250000,0.000000,0.000000,cpu,0,0
1790535456.000000,51.250000,0.000000,0.000000,cpu,0,0
1790535457.000000,51.250000,0.000000,0.000000,cpu,0,0
1790535458.000000,50.700000,0.000000,0.000000,cpu,0,0
1790535459.000000,50.150000,0.000000,0.000000,cpu,0,0
1790535460.000000,50.700000,0.000000,0.000000,cpu,0,0
1790535461.000000,51.800000,0.000000,0.000000,cpu,0,0
1790535462.000000,51.250000,0.000000,0.000000,cpu,0,0
1790535463.000000,50.700000,0.000000,0.000000,cpu,0,0
1790535464.000000,51.250000,0.000000,0.000000,cpu,0,0
1790535465.000000,51.250000,0.000000,0.000000,cpu,0,0
1790535466.000000,52.350000,0.000000,0.000000,cpu,0,0
1790535467.000000,51.250000,0.000000,0.000000,cpu,0,0
1790535468.000000,50.700000,0.000000,0.000000,cpu,0,0
1790535469.000000,51.250000,0.000000,0.000000,cpu,0,0
1790535470.000000,51.250000,0.000000,0.000000,cpu,0,0
1790535471.000000,50.700000,0.000000,0.000000,cpu,0,0
1790535472.000000,50.700000,0.000000,0.000000,cpu,0,0
1790535473.000000,51.250000,0.000000,0.000000,cpu,0,0
1790535474.000000,50.150000,0.000000,0.000000,cpu,0,0
1790535475.000000,50.700000,0.000000,0.000000,cpu,0,0
1790535476.000000,51.250000,0.000000,0.000000,cpu,0,0
1790535478.000000,51.250000,0.000000,0.000000,cpu,0,0
1790535479.000000,51.250000,0.000000,0.000000,cpu,0,0
1790535480.000000,51.250000,0.000000,0.000000,cpu,0,0
1790535481.000000,51.800000,0.000000,0.000000,cpu,0,0
1790535482.000000,51.250000,0.000000,0.000000,cpu,0,0
1790535483.000000,51.250000,0.000000,0.000000,cpu,0,0
1790535484.000000,51.250000,0.000000,0.000000,cpu,0,0
1790535485.000000,51.250000,0.000000,0.000000,cpu,0,0
1790535486.000000,50.700000,0.000000,0.000000,cpu,0,0
1790535487.000000,51.250000,0.000000,0.000000,cpu,0,0
1790535488.000000,51.250000,0.000000,0.000000,cpu,0,0
1790535489.000000,50.700000,0.000000,0.000000,cpu,0,0
1790535490.000000,51.250000,0.000000,0.000000,cpu,0,0
1790535491.000000,51.250000,0.000000,0.000000,cpu,0,0
1790535492.000000,52.350000,0.000000,0.000000,cpu,0,0
1790535493.000000,52.350000,0.000000,0.000000,cpu,0,0
1790535494.000000,50.150000,0.000000,0.000000,cpu,0,0
1790535495.000000,51.250000,0.000000,0.000000,cpu,0,0
1790535496.000000,50.700000,0.000000,0.000000,cpu,0,0
1790535497.000000,51.250000,0.000000,0.000000,cpu,0,0
1790535498.000000,51.800000,0.000000,0.000000,cpu,0,0
1790535499.000000,50.700000,0.000000,0.000000,cpu,0,0
1790535500.000000,50.700000,0.000000,0.000000,cpu,0,0
1790535501.000000,50.700000,0.000000,0.000000,cpu,0,0
1790535502.000000,50.150000,0.000000,0.000000,cpu,0,0
1790535503.000000,50.700000,0.000000,0.000000,cpu,0,0
1790535504.000000,50.700000,0.000000,0.000000,cpu,0,0
1790535505.000000,51.250000,0.000000,0.000000,cpu,0,0
1790535506.000000,51.250000,0.000000,0.000000,cpu,0,0
1790535507.000000,51.250000,0.000000,0.000000,cpu,0,0
1790535508.000000,51.250000,0.000000,0.000000,cpu,0,0
1790535509.000000,51.250000,0.000000,0.000000,cpu,0,0
1790535510.000000,50.700000,0.000000,0.000000,cpu,0,0
1790535511.000000,51.250000,0.000000,0.000000,cpu,0,0
1790535512.000000,50.700000,0.000000,0.000000,cpu,0,0
1790535513.000000,50.700000,0.000000,0.000000,cpu,0,0
1790535514.000000,50.150000,0.000000,0.000000,cpu,0,0
1790535515.000000,51.250000,0.000000,0.000000,cpu,0,0
1790535516.000000,51.250000,0.000000,0.000000,cpu,0,0
1790535517.000000,50.700000,0.000000,0.000000,cpu,0,0
1790535518.000000,51.250000,0.000000,0.000000,cpu,0,0
1790535519.000000,50.700000,0.000000,0.000000,cpu,0,0
1790535520.000000,50.700000,0.000000,0.000000,cpu,0,0
1790535521.000000,51.250000,0.000000,0.000000,cpu,0,0
1790535522.000000,50.700000,0.000000,0.000000,cpu,0,0
1790535523.000000,50.700000,0.000000,0.000000,cpu,0,0
1790535524.000000,51.250000,0.000000,0.000000,cpu,0,0
1790535525.000000,50.700000,0.000000,0.000000,cpu,0,0
1790535526.000000,51.250000,0.000000,0.000000,cpu,0,0
1790535527.000000,51.800000,0.000000,0.000000,cpu,0,0
1790535528.000000,51.250000,0.000000,0.000000,cpu,0,0
1790535529.000000,50.700000,0.000000,0.000000,cpu,0,0
1790535530.000000,51.250000,0.000000,0.000000,cpu,0,0
1790535531.000000,51.800000,0.000000,0.000000,cpu,0,0
1790535532.000000,50.150000,0.000000,0.000000,cpu,0,0
1790535533.000000,50.700000,0.000000,0.000000,cpu,0,0
1790535534.000000,50.700000,0.000000,0.000000,cpu,0,0
1790535535.000000,50.700000,0.000000,0.000000,cpu,0,0
1790535536.000000,50.700000,0.000000,0.000000,cpu,0,0
1790535537.000000,50.700000,0.000000,0.000000,cpu,0,0
1790535538.000000,52.350000,0.000000,0.000000,cpu,0,0
1790535540.000000,50.700000,0.000000,0.000000,cpu,0,0
1790535541.000000,50.150000,0.000000,0.000000,cpu,0,0
1790535542.000000,50.700000,0.000000,0.000000,cpu,0,0
1790535543.000000,50.700000,0.000000,0.000000,cpu,0,0
1790535544.000000,50.700000,0.000000,0.000000,cpu,0,0
1790535545.000000,50.150000,0.000000,0.000000,cpu,0,0
1790535546.000000,50.700000,0.000000,0.000000,cpu,0,0
1790535547.000000,50.700000,0.000000,0.000000,cpu,0,0
1790535548.000000,50.150000,0.000000,0.000000,cpu,0,0
1790535549.000000,51.250000,0.000000,0.000000,cpu,0,0
1790535550.000000,52.900000,0.000000,0.000000,cpu,0,0
1790535551.000000,50.700000,0.000000,0.000000,cpu,0,0
1790535552.000000,49.600000,0.000000,0.000000,cpu,0,0
1790535553.000000,50.700000,0.000000,0.000000,cpu,0,0
1790535554.000000,50.150000,0.000000,0.000000,cpu,0,0
1790535555.000000,51.250000,0.000000,0.000000,cpu,0,0
1790535556.000000,50.700000,0.000000,0.000000,cpu,0,0
1790535557.000000,50.700000,0.000000,0.000000,cpu,0,0
1790535558.000000,50.150000,0.000000,0.000000,cpu,0,0
1790535559.000000,51.250000,0.000000,0.000000,cpu,0,0
1790535560.000000,50.150000,0.000000,0.000000,cpu,0,0
1790535561.000000,50.700000,0.000000,0.000000,cpu,0,0
1790535562.000000,50.150000,0.000000,0.000000,cpu,0,0
1790535563.000000,50.700000,0.000000,0.000000,cpu,0,0
1790535564.000000,50.150000,0.000000,0.000000,cpu,0,0
1790535565.000000,50.150000,0.000000,0.000000,cpu,0,0
1790535566.000000,50.700000,0.000000,0.000000,cpu,0,0
1790535567.000000,50.700000,0.000000,0.000000,cpu,0,0
1790535568.000000,51.250000,0.000000,0.000000,cpu,0,0
1790535569.000000,50.150000,0.000000,0.000000,cpu,0,0
1790535570.000000,50.700000,0.000000,0.000000,cpu,0,0
1790535571.000000,50.700000,0.000000,0.000000,cpu,0,0
1790535572.000000,51.800000,0.000000,0.000000,cpu,0,0
1790535573.000000,51.800000,0.000000,0.000000,cpu,0,0
1790535574.000000,50.150000,0.000000,0.000000,cpu,0,0
1790535575.000000,51.250000,0.000000,0.000000,cpu,0,0
1790535576.000000,50.150000,0.000000,0.000000,cpu,0,0
1790535577.000000,50.150000,0.000000,0.000000,cpu,0,0
1790535578.000000,50.700000,0.000000,0.000000,cpu,0,0
1790535579.000000,50.700000,0.000000,0.000000,cpu,0,0
1790535580.000000,50.150000,0.000000,0.000000,cpu,0,0
1790535581.000000,50.700000,0.000000,0.000000,cpu,0,0
1790535582.000000,50.700000,0.000000,0.000000,cpu,0,0
1790535583.000000,51.250000,0.000000,0.000000,cpu,0,0
1790535584.000000,50.700000,0.000000,0.000000,cpu,0,0
1790535585.000000,50.700000,0.000000,0.000000,cpu,0,0
1790535586.000000,50.700000,0.000000,0.000000,cpu,0,0
1790535587.000000,50.700000,0.000000,0.000000,cpu,0,0
1790535588.000000,50.150000,0.000000,0.000000,cpu,0,0
1790535589.000000,51.800000,0.000000,0.000000,cpu,0,0
1790535590.000000,50.150000,0.000000,0.000000,cpu,0,0
1790535591.000000,51.800000,0.000000,0.000000,cpu,0,0
1790535592.000000,50.150000,0.000000,0.000000,cpu,0,0
1790535593.000000,50.700000,0.000000,0.000000,cpu,0,0
1790535594.000000,51.250000,0.000000,0.000000,cpu,0,0
1790535595.000000,51.250000,0.000000,0.000000,cpu,0,0
1790535596.000000,50.700000,0.000000,0.000000,cpu,0,0
1790535597.000000,50.700000,0.000000,0.000000,cpu,0,0
1790535598.000000,49.600000,0.000000,0.000000,cpu,0,0
1790535599.000000,50.700000,0.000000,0.000000,cpu,0,0
1790535600.000000,50.150000,0.000000,0.000000,cpu,0,0
1790536276.000000,50.700000,0.000000,0.000000,cpu,0,0
1790536277.000000,50.700000,0.000000,0.000000,cpu,0,0
1790536278.000000,50.700000,0.000000,0.000000,cpu,0,0
1790536279.000000,50.700000,0.000000,0.000000,cpu,0,0
1790536280.000000,50.150000,0.000000,0.000000,cpu,0,0
1790536281.000000,50.150000,0.000000,0.000000,cpu,0,0
1790536282.000000,50.700000,0.000000,0.000000,cpu,0,0
1790536283.000000,49.600000,0.000000,0.000000,cpu,0,0
1790536284.000000,49.600000,0.000000,0.000000,cpu,0,0
1790536285.000000,50.150000,0.000000,0.000000,cpu,0,0
1790536286.000000,49.600000,0.000000,0.000000,cpu,0,0
1790536287.000000,50.700000,0.000000,0.000000,cpu,0,0
1790536288.000000,49.600000,0.000000,0.000000,cpu,0,0
1790536289.000000,50.150000,0.000000,0.000000,cpu,0,0
1790536290.000000,50.700000,0.000000,0.000000,cpu,0,0
1790536291.000000,49.600000,0.000000,0.000000,cpu,0,0
1790536292.000000,50.700000,0.000000,0.000000,cpu,0,0
1790536293.000000,50.150000,0.000000,0.000000,cpu,0,0
1790536294.000000,50.150000,0.000000,0.000000,cpu,0,0
1790536295.000000,49.050000,0.000000,0.000000,cpu,0,0
1790536296.000000,49.600000,0.000000,0.000000,cpu,0,0
1790536297.000000,50.700000,0.000000,0.000000,cpu,0,0
1790536298.000000,50.150000,0.000000,0.000000,cpu,0,0
1790536299.000000,50.150000,0.000000,0.000000,cpu,0,0
1790536300.000000,49.600000,0.000000,0.000000,cpu,0,0
1790536301.000000,50.150000,0.000000,0.000000,cpu,0,0
1790536302.000000,50.150000,0.000000,0.000000,cpu,0,0
1790536303.000000,50.150000,0.000000,0.000000,cpu,0,0
1790536304.000000,51.250000,0.000000,0.000000,cpu,0,0
1790536305.000000,49.600000,0.000000,0.000000,cpu,0,0
1790536306.000000,50.150000,0.000000,0.000000,cpu,0,0
1790536307.000000,49.600000,0.000000,0.000000,cpu,0,0
1790536308.000000,51.250000,0.000000,0.000000,cpu,0,0
1790536309.000000,50.700000,0.000000,0.000000,cpu,0,0
1790536310.000000,49.600000,0.000000,0.000000,cpu,0,0
1790536311.000000,50.150000,0.000000,0.000000,cpu,0,0
1790536312.000000,50.150000,0.000000,0.000000,cpu,0,0
1790536313.000000,49.600000,0.000000,0.000000,cpu,0,0
1790536314.000000,50.150000,0.000000,0.000000,cpu,0,0
1790536315.000000,49.600000,0.000000,0.000000,cpu,0,0
1790536316.000000,49.600000,0.000000,0.000000,cpu,0,0
1790536317.000000,49.050000,0.000000,0.000000,cpu,0,0
1790536318.000000,50.150000,0.000000,0.000000,cpu,0,0
1790536319.000000,49.600000,0.000000,0.000000,cpu,0,0
1790536320.000000,50.150000,0.000000,0.000000,cpu,0,0
1790536321.000000,50.150000,0.000000,0.000000,cpu,0,0
1790536322.000000,49.600000,0.000000,0.000000,cpu,0,0
1790536323.000000,49.600000,0.000000,0.000000,cpu,0,0
1790536324.000000,50.150000,0.000000,0.000000,cpu,0,0
1790536325.000000,50.150000,0.000000,0.000000,cpu,0,0
1790536326.000000,50.700000,0.000000,0.000000,cpu,0,0
1790536327.000000,50.150000,0.000000,0.000000,cpu,0,0
1790536328.000000,49.600000,0.000000,0.000000,cpu,0,0
1790536329.000000,50.150000,0.000000,0.000000,cpu,0,0
1790536330.000000,50.150000,0.000000,0.000000,cpu,0,0
1790536331.000000,50.150000,0.000000,0.000000,cpu,0,0
1790536332.000000,49.600000,0.000000,0.000000,cpu,0,0
1790536333.000000,49.600000,0.000000,0.000000,cpu,0,0
1790536334.000000,49.050000,0.000000,0.000000,cpu,0,0
1790536335.000000,50.150000,0.000000,0.000000,cpu,0,0
1790536336.000000,49.050000,0.000000,0.000000,cpu,0,0
1790536370.000000,49.600000,0.000000,0.000000,cpu,0,0
1790536371.000000,50.150000,0.000000,0.000000,cpu,0,0
1790536372.000000,50.150000,0.000000,0.000000,cpu,0,0
1790536373.000000,51.250000,0.000000,0.000000,cpu,0,0
1790536374.000000,49.600000,0.000000,0.000000,cpu,0,0
1790536375.000000,49.600000,0.000000,0.000000,cpu,0,0
1790536376.000000,49.050000,0.000000,0.000000,cpu,0,0
1790536377.000000,49.600000,0.000000,0.000000,cpu,0,0
1790536378.000000,50.150000,0.000000,0.000000,cpu,0,0
1790536379.000000,49.600000,0.000000,0.000000,cpu,0,0
1790536380.000000,49.600000,0.000000,0.000000,cpu,0,0
1790536381.000000,49.050000,0.000000,0.000000,cpu,0,0
1790536382.000000,50.150000,0.000000,0.000000,cpu,0,0
1790536383.000000,49.600000,0.000000,0.000000,cpu,0,0
1790536384.000000,50.700000,0.000000,0.000000,cpu,0,0
1790536385.000000,49.600000,0.000000,0.000000,cpu,0,0
1790536386.000000,50.150000,0.000000,0.000000,cpu,0,0
1790536387.000000,50.150000,0.000000,0.000000,cpu,0,0
1790536388.000000,50.700000,0.000000,0.000000,cpu,0,0
1790536389.000000,49.050000,0.000000,0.000000,cpu,0,0
1790536390.000000,49.600000,0.000000,0.000000,cpu,0,0
1790536391.000000,50.150000,0.000000,0.000000,cpu,0,0
1790536392.000000,49.600000,0.000000,0.000000,cpu,0,0
1790536393.000000,49.600000,0.000000,0.000000,cpu,0,0
1790536394.000000,49.600000,0.000000,0.000000,cpu,0,0
1790536395.000000,50.700000,0.000000,0.000000,cpu,0,0
1790536396.000000,50.700000,0.000000,0.000000,cpu,0,0
1790536397.000000,49.600000,0.000000,0.000000,cpu,0,0
1790536398.000000,49.600000,0.000000,0.000000,cpu,0,0
1790536399.000000,49.600000,0.000000,0.000000,cpu,0,0
1790536400.000000,49.600000,0.000000,0.000000,cpu,0,0
1790536401.000000,49.600000,0.000000,0.000000,cpu,0,0
1790536402.000000,49.600000,0.000000,0.000000,cpu,0,0
1790536403.000000,50.150000,0.000000,0.000000,cpu,0,0
1790536404.000000,49.050000,0.000000,0.000000,cpu,0,0
1790536405.000000,49.600000,0.000000,0.000000,cpu,0,0
1790536406.000000,51.250000,0.000000,0.000000,cpu,0,0
1790536407.000000,49.600000,0.000000,0.000000,cpu,0,0
1790536408.000000,49.600000,0.000000,0.000000,cpu,0,0
1790536409.000000,49.600000,0.000000,0.000000,cpu,0,0
1790536410.000000,49.600000,0.000000,0.000000,cpu,0,0
1790536411.000000,49.600000,0.000000,0.000000,cpu,0,0
1790536412.000000,49.600000,0.000000,0.000000,cpu,0,0
1790536413.000000,49.050000,0.000000,0.000000,cpu,0,0
1790536414.000000,49.600000,0.000000,0.000000,cpu,0,0
1790536415.000000,50.150000,0.000000,0.000000,cpu,0,0
1790536416.000000,49.050000,0.000000,0.000000,cpu,0,0
1790536417.000000,49.600000,0.000000,0.000000,cpu,0,0
1790536418.000000,49.600000,0.000000,0.000000,cpu,0,0
1790536419.000000,50.150000,0.000000,0.000000,cpu,0,0
1790536420.000000,49.050000,0.000000,0.000000,cpu,0,0
1790536421.000000,49.600000,0.000000,0.000000,cpu,0,0
1790536422.000000,49.600000,0.000000,0.000000,cpu,0,0
1790536423.000000,50.150000,0.000000,0.000000,cpu,0,0
1790536424.000000,49.600000,0.000000,0.000000,cpu,0,0
1790536425.000000,49.600000,0.000000,0.000000,cpu,0,0
1790536426.000000,50.150000,0.000000,0.000000,cpu,0,0
1790536427.000000,49.600000,0.000000,0.000000,cpu,0,0
1790536428.000000,48.500000,0.000000,0.000000,cpu,0,0
1790536429.000000,49.050000,0.000000,0.000000,cpu,0,0
1790536430.000000,49.600000,0.000000,0.000000,cpu,0,0
1790536475.000000,49.050000,0.000000,0.000000,cpu,0,0
1790536476.000000,49.600000,0.000000,0.000000,cpu,0,0
1790536477.000000,49.600000,0.000000,0.000000,cpu,0,0
1790536478.000000,49.050000,0.000000,0.000000,cpu,0,0
1790536479.000000,50.700000,0.000000,0.000000,cpu,0,0
1790536480.000000,49.050000,0.000000,0.000000,cpu,0,0
1790536481.000000,49.600000,0.000000,0.000000,cpu,0,0
1790536482.000000,50.150000,0.000000,0.000000,cpu,0,0
1790536483.000000,49.600000,0.000000,0.000000,cpu,0,0
1790536484.000000,49.600000,0.000000,0.000000,cpu,0,0
1790536485.000000,47.950000,0.000000,0.000000,cpu,0,0
1790536486.000000,49.050000,0.000000,0.000000,cpu,0,0
1790536487.000000,50.150000,0.000000,0.000000,cpu,0,0
1790536488.000000,50.150000,0.000000,0.000000,cpu,0,0
1790536489.000000,49.600000,0.000000,0.000000,cpu,0,0
1790536490.000000,50.150000,0.000000,0.000000,cpu,0,0
1790536491.000000,49.600000,0.000000,0.000000,cpu,0,0
1790536492.000000,49.600000,0.000000,0.000000,cpu,0,0
1790536493.000000,49.600000,0.000000,0.000000,cpu,0,0
1790536494.000000,49.050000,0.000000,0.000000,cpu,0,0
1790536495.000000,49.600000,0.000000,0.000000,cpu,0,0
1790536496.000000,49.600000,0.000000,0.000000,cpu,0,0
1790536497.000000,49.050000,0.000000,0.000000,cpu,0,0
1790536498.000000,49.600000,0.000000,0.000000,cpu,0,0
1790536499.000000,49.050000,0.000000,0.000000,cpu,0,0
1790536500.000000,49.600000,0.000000,0.000000,cpu,0,0
1790536501.000000,49.600000,0.000000,0.000000,cpu,0,0
1790536502.000000,49.050000,0.000000,0.000000,cpu,0,0
1790536503.000000,49.050000,0.000000,0.000000,cpu,0,0
1790536504.000000,49.050000,0.000000,0.000000,cpu,0,0
1790536505.000000,49.600000,0.000000,0.000000,cpu,0,0
1790536506.000000,49.600000,0.000000,0.000000,cpu,0,0
1790536507.000000,49.600000,0.000000,0.000000,cpu,0,0
1790536508.000000,49.050000,0.000000,0.000000,cpu,0,0
1790536509.000000,49.050000,0.000000,0.000000,cpu,0,0
1790536510.000000,49.600000,0.000000,0.000000,cpu,0,0
1790536511.000000,49.600000,0.000000,0.000000,cpu,0,0
1790536512.000000,49.600000,0.000000,0.000000,cpu,0,0
1790536513.000000,49.600000,0.000000,0.000000,cpu,0,0
1790536514.000000,49.050000,0.000000,0.000000,cpu,0,0
1790536515.000000,49.600000,0.000000,0.000000,cpu,0,0
1790536516.000000,49.600000,0.000000,0.000000,cpu,0,0
1790536517.000000,49.600000,0.000000,0.000000,cpu,0,0
1790536518.000000,50.700000,0.000000,0.000000,cpu,0,0
1790536519.000000,50.150000,0.000000,0.000000,cpu,0,0
1790536520.000000,49.050000,0.000000,0.000000,cpu,0,0
1790536521.000000,49.600000,0.000000,0.000000,cpu,0,0
1790536522.000000,49.050000,0.000000,0.000000,cpu,0,0
1790536523.000000,48.500000,0.000000,0.000000,cpu,0,0
1790536524.000000,50.150000,0.000000,0.000000,cpu,0,0
1790536525.000000,49.600000,0.000000,0.000000,cpu,0,0
1790536526.000000,49.600000,0.000000,0.000000,cpu,0,0
1790536527.000000,49.050000,0.000000,0.000000,cpu,0,0
1790536528.000000,49.600000,0.000000,0.000000,cpu,0,0
1790536529.000000,50.150000,0.000000,0.000000,cpu,0,0
1790536530.000000,49.600000,0.000000,0.000000,cpu,0,0
1790536531.000000,49.050000,0.000000,0.000000,cpu,0,0
1790536532.000000,49.600000,0.000000,0.000000,cpu,0,0
1790536533.000000,49.050000,0.000000,0.000000,cpu,0,0
1790536534.000000,49.600000,0.000000,0.000000,cpu,0,0
1790536535.000000,49.600000,0.000000,0.000000,cpu,0,0
1790536553.000000,49.600000,0.000000,0.000000,cpu,0,0
1790536554.000000,49.050000,0.000000,0.000000,cpu,0,0
1790536555.000000,49.050000,0.000000,0.000000,cpu,0,0
1790536556.000000,49.050000,0.000000,0.000000,cpu,0,0
1790536557.000000,48.500000,0.000000,0.000000,cpu,0,0
1790536558.000000,49.050000,0.000000,0.000000,cpu,0,0
1790536559.000000,49.050000,0.000000,0.000000,cpu,0,0
1790536560.000000,49.600000,0.000000,0.000000,cpu,0,0
1790536561.000000,49.600000,0.000000,0.000000,cpu,0,0
1790536562.000000,49.600000,0.000000,0.000000,cpu,0,0
1790536563.000000,48.500000,0.000000,0.000000,cpu,0,0
1790536564.000000,49.050000,0.000000,0.000000,cpu,0,0
1790536565.000000,47.950000,0.000000,0.000000,cpu,0,0
1790536566.000000,49.050000,0.000000,0.000000,cpu,0,0
1790536567.000000,49.600000,0.000000,0.000000,cpu,0,0
1790536568.000000,49.600000,0.000000,0.000000,cpu,0,0
1790536569.000000,47.950000,0.000000,0.000000,cpu,0,0
1790536570.000000,49.600000,0.000000,0.000000,cpu,0,0
1790536571.000000,49.600000,0.000000,0.000000,cpu,0,0
1790536572.000000,49.600000,0.000000,0.000000,cpu,0,0
1790536573.000000,48.500000,0.000000,0.000000,cpu,0,0
1790536574.000000,49.050000,0.000000,0.000000,cpu,0,0
1790536575.000000,49.600000,0.000000,0.000000,cpu,0,0
1790536576.000000,49.050000,0.000000,0.000000,cpu,0,0
1790536577.000000,49.600000,0.000000,0.000000,cpu,0,0
1790536578.000000,49.050000,0.000000,0.000000,cpu,0,0
1790536579.000000,49.600000,0.000000,0.000000,cpu,0,0
1790536580.000000,49.600000,0.000000,0.000000,cpu,0,0
1790536581.000000,49.600000,0.000000,0.000000,cpu,0,0
1790536582.000000,49.600000,0.000000,0.000000,cpu,0,0
1790536583.000000,49.600000,0.000000,0.000000,cpu,0,0
1790536584.000000,49.600000,0.000000,0.000000,cpu,0,0
1790536585.000000,50.150000,0.000000,0.000000,cpu,0,0
1790536586.000000,49.600000,0.000000,0.000000,cpu,0,0
1790536587.000000,50.150000,0.000000,0.000000,cpu,0,0
1790536588.000000,49.600000,0.000000,0.000000,cpu,0,0
1790536589.000000,49.600000,0.000000,0.000000,cpu,0,0
1790536590.000000,49.050000,0.000000,0.000000,cpu,0,0
1790536591.000000,49.600000,0.000000,0.000000,cpu,0,0
1790536592.000000,49.050000,0.000000,0.000000,cpu,0,0
1790536593.000000,47.950000,0.000000,0.000000,cpu,0,0
1790536594.000000,49.600000,0.000000,0.000000,cpu,0,0
1790536595.000000,49.050000,0.000000,0.000000,cpu,0,0
1790536596.000000,49.050000,0.000000,0.000000,cpu,0,0
1790536597.000000,48.500000,0.000000,0.000000,cpu,0,0
1790536598.000000,49.600000,0.000000,0.000000,cpu,0,0
1790536599.000000,49.050000,0.000000,0.000000,cpu,0,0
1790536600.000000,50.700000,0.000000,0.000000,cpu,0,0
1790536601.000000,47.950000,0.000000,0.000000,cpu,0,0
1790536602.000000,49.600000,0.000000,0.000000,cpu,0,0
1790536603.000000,49.600000,0.000000,0.000000,cpu,0,0
1790536604.000000,49.050000,0.000000,0.000000,cpu,0,0
1790536605.000000,49.050000,0.000000,0.000000,cpu,0,0
1790536606.000000,49.050000,0.000000,0.000000,cpu,0,0
1790536607.000000,49.050000,0.000000,0.000000,cpu,0,0
1790536608.000000,47.950000,0.000000,0.000000,cpu,0,0
1790536609.000000,49.600000,0.000000,0.000000,cpu,0,0
1790536610.000000,49.600000,0.000000,0.000000,cpu,0,0
1790536611.000000,49.050000,0.000000,0.000000,cpu,0,0
1790536612.000000,49.050000,0.000000,0.000000,cpu,0,0
1790536613.000000,49.050000,0.000000,0.000000,cpu,0,0
1790536619.000000,49.050000,0.000000,0.000000,cpu,0,0
1790536620.000000,49.600000,0.000000,0.000000,cpu,0,0
1790536621.000000,49.600000,0.000000,0.000000,cpu,0,0
1790536622.000000,49.050000,0.000000,0.000000,cpu,0,0
1790536623.000000,49.600000,0.000000,0.000000,cpu,0,0
1790536624.000000,48.500000,0.000000,0.000000,cpu,0,0
1790536625.000000,49.600000,0.000000,0.000000,cpu,0,0
1790536626.000000,49.600000,0.000000,0.000000,cpu,0,0
1790536627.000000,49.050000,0.000000,0.000000,cpu,0,0
1790536628.000000,49.050000,0.000000,0.000000,cpu,0,0
1790536629.000000,49.050000,0.000000,0.000000,cpu,0,0
1790536630.000000,49.050000,0.000000,0.000000,cpu,0,0
1790536631.000000,49.600000,0.000000,0.000000,cpu,0,0
1790536632.000000,49.050000,0.000000,0.000000,cpu,0,0
1790536633.000000,49.050000,0.000000,0.000000,cpu,0,0
1790536634.000000,49.050000,0.000000,0.000000,cpu,0,0
1790536635.000000,49.600000,0.000000,0.000000,cpu,0,0
1790536636.000000,48.500000,0.000000,0.000000,cpu,0,0
1790536637.000000,48.500000,0.000000,0.000000,cpu,0,0
1790536638.000000,49.050000,0.000000,0.000000,cpu,0,0
1790536639.000000,49.600000,0.000000,0.000000,cpu,0,0
1790536640.000000,50.150000,0.000000,0.000000,cpu,0,0
1790536641.000000,50.700000,0.000000,0.000000,cpu,0,0
1790536642.000000,49.600000,0.000000,0.000000,cpu,0,0
1790536643.000000,49.600000,0.000000,0.000000,cpu,0,0
1790536644.000000,49.600000,0.000000,0.000000,cpu,0,0
1790536645.000000,49.050000,0.000000,0.000000,cpu,0,0
1790536646.000000,49.600000,0.000000,0.000000,cpu,0,0
1790536647.000000,48.500000,0.000000,0.000000,cpu,0,0
1790536648.000000,49.050000,0.000000,0.000000,cpu,0,0
1790536649.000000,49.050000,0.000000,0.000000,cpu,0,0
1790536650.000000,49.050000,0.000000,0.000000,cpu,0,0
1790536651.000000,49.050000,0.000000,0.000000,cpu,0,0
1790536652.000000,49.600000,0.000000,0.000000,cpu,0,0
1790536653.000000,49.600000,0.000000,0.000000,cpu,0,0
1790536654.000000,47.950000,0.000000,0.000000,cpu,0,0
1790536655.000000,49.050000,0.000000,0.000000,cpu,0,0
1790536656.000000,49.050000,0.000000,0.000000,cpu,0,0
1790536657.000000,49.600000,0.000000,0.000000,cpu,0,0
1790536658.000000,49.050000,0.000000,0.000000,cpu,0,0
1790536659.000000,50.700000,0.000000,0.000000,cpu,0,0
1790536660.000000,49.600000,0.000000,0.000000,cpu,0,0
1790536661.000000,49.050000,0.000000,0.000000,cpu,0,0
1790536662.000000,49.050000,0.000000,0.000000,cpu,0,0
1790536663.000000,49.600000,0.000000,0.000000,cpu,0,0
1790536664.000000,48.500000,0.000000,0.000000,cpu,0,0
1790536665.000000,49.050000,0.000000,0.000000,cpu,0,0
1790536666.000000,50.150000,0.000000,0.000000,cpu,0,0
1790536667.000000,49.600000,0.000000,0.000000,cpu,0,0
1790536668.000000,49.050000,0.000000,0.000000,cpu,0,0
1790536669.000000,49.050000,0.000000,0.000000,cpu,0,0
1790536670.000000,49.050000,0.000000,0.000000,cpu,0,0
1790536671.000000,49.050000,0.000000,0.000000,cpu,0,0
1790536672.000000,49.050000,0.000000,0.000000,cpu,0,0
1790536673.000000,50.150000,0.000000,0.000000,cpu,0,0
1790536674.000000,48.500000,0.000000,0.000000,cpu,0,0
1790536675.000000,50.150000,0.000000,0.000000,cpu,0,0
1790536676.000000,49.050000,0.000000,0.000000,cpu,0,0
1790536677.000000,49.050000,0.000000,0.000000,cpu,0,0
1790536678.000000,49.600000,0.000000,0.000000,cpu,0,0
1790536679.000000,49.600000,0.000000,0.000000,cpu,0,0
