timestamp_s,temperature_c,humidity_percent,pressure_hpa,source,has_humidity,has_pressure
1790531424.560502,50.150000,0.000000,0.000000,cpu,0,0
1790531424.660868,51.800000,0.000000,0.000000,cpu,0,0
1790531424.761053,50.700000,0.000000,0.000000,cpu,0,0
1790531424.861188,50.700000,0.000000,0.000000,cpu,0,0
1790531424.961302,50.700000,0.000000,0.000000,cpu,0,0
1790531425.061412,50.150000,0.000000,0.000000,cpu,0,0
1790531425.161514,50.150000,0.000000,0.000000,cpu,0,0
1790531425.261612,50.700000,0.000000,0.000000,cpu,0,0
1790531425.361722,50.700000,0.000000,0.000000,cpu,0,0
1790531425.461841,50.700000,0.000000,0.000000,cpu,0,0
1790531425.561947,50.700000,0.000000,0.000000,cpu,0,0
1790531425.662076,50.700000,0.000000,0.000000,cpu,0,0
1790531425.762210,51.250000,0.000000,0.000000,cpu,0,0
1790531425.862328,50.700000,0.000000,0.000000,cpu,0,0
1790531425.962445,50.150000,0.000000,0.000000,cpu,0,0
1790531426.062553,50.150000,0.000000,0.000000,cpu,0,0
1790531426.162656,50.150000,0.000000,0.000000,cpu,0,0
1790531426.262758,50.700000,0.000000,0.000000,cpu,0,0
1790531426.362869,50.700000,0.000000,0.000000,cpu,0,0
1790531426.462987,51.250000,0.000000,0.000000,cpu,0,0
1790531426.563100,50.700000,0.000000,0.000000,cpu,0,0
1790531426.663225,50.700000,0.000000,0.000000,cpu,0,0
1790531426.763351,50.150000,0.000000,0.000000,cpu,0,0
1790531426.863471,50.150000,0.000000,0.000000,cpu,0,0
1790531426.963586,50.150000,0.000000,0.000000,cpu,0,0
1790531427.063699,51.250000,0.000000,0.000000,cpu,0,0
1790531427.163800,49.600000,0.000000,0.000000,cpu,0,0
1790531427.263903,50.150000,0.000000,0.000000,cpu,0,0
1790531427.364014,50.150000,0.000000,0.000000,cpu,0,0
1790531427.464132,50.150000,0.000000,0.000000,cpu,0,0
1790531427.564246,50.150000,0.000000,0.000000,cpu,0,0
1790531427.664380,50.150000,0.000000,0.000000,cpu,0,0
1790531427.764513,50.150000,0.000000,0.000000,cpu,0,0
1790531427.864633,50.150000,0.000000,0.000000,cpu,0,0
1790531427.964753,51.800000,0.000000,0.000000,cpu,0,0
1790531428.064865,49.600000,0.000000,0.000000,cpu,0,0
1790531428.164974,50.150000,0.000000,0.000000,cpu,0,0
1790531428.265079,50.700000,0.000000,0.000000,cpu,0,0
1790531428.365185,50.150000,0.000000,0.000000,cpu,0,0
1790531428.465298,50.150000,0.000000,0.000000,cpu,0,0
1790531428.565408,50.150000,0.000000,0.000000,cpu,0,0
1790531428.665526,50.700000,0.000000,0.000000,cpu,0,0
1790531428.765649,50.150000,0.000000,0.000000,cpu,0,0
1790531428.865765,49.600000,0.000000,0.000000,cpu,0,0
1790531428.965879,50.700000,0.000000,0.000000,cpu,0,0
1790531429.065991,50.150000,0.000000,0.000000,cpu,0,0
1790531429.166094,51.250000,0.000000,0.000000,cpu,0,0
1790531429.266194,50.700000,0.000000,0.000000,cpu,0,0
1790531429.366305,49.600000,0.000000,0.000000,cpu,0,0
1790531429.466424,50.700000,0.000000,0.000000,cpu,0,0
1790531429.566536,50.150000,0.000000,0.000000,cpu,0,0
1790531429.666718,50.150000,0.000000,0.000000,cpu,0,0
1790531429.766881,50.150000,0.000000,0.000000,cpu,0,0
1790531429.867005,50.150000,0.000000,0.000000,cpu,0,0
1790531429.967123,50.150000,0.000000,0.000000,cpu,0,0
1790531430.067237,49.600000,0.000000,0.000000,cpu,0,0
1790531430.167342,50.150000,0.000000,0.000000,cpu,0,0
1790531430.267442,50.150000,0.000000,0.000000,cpu,0,0
1790531430.367554,49.600000,0.000000,0.000000,cpu,0,0
1790531430.467673,50.700000,0.000000,0.000000,cpu,0,0
1790531430.567794,50.150000,0.000000,0.000000,cpu,0,0
1790531430.667929,49.050000,0.000000,0.000000,cpu,0,0
1790531430.768081,50.150000,0.000000,0.000000,cpu,0,0
1790531430.868215,49.600000,0.000000,0.000000,cpu,0,0
1790531430.968335,50.150000,0.000000,0.000000,cpu,0,0
1790531431.068444,49.600000,0.000000,0.000000,cpu,0,0
1790531431.168547,50.150000,0.000000,0.000000,cpu,0,0
1790531431.268649,50.150000,0.000000,0.000000,cpu,0,0
1790531431.368758,50.150000,0.000000,0.000000,cpu,0,0
1790531431.468878,50.150000,0.000000,0.000000,cpu,0,0
1790531431.568994,49.600000,0.000000,0.000000,cpu,0,0
1790531431.669118,50.150000,0.000000,0.000000,cpu,0,0
1790531431.769234,50.150000,0.000000,0.000000,cpu,0,0
1790531431.869345,48.500000,0.000000,0.000000,cpu,0,0
1790531431.969461,50.150000,0.000000,0.000000,cpu,0,0
1790531432.069579,50.150000,0.000000,0.000000,cpu,0,0
1790531432.169689,50.150000,0.000000,0.000000,cpu,0,0
1790531432.269799,50.150000,0.000000,0.000000,cpu,0,0
1790531432.369911,50.150000,0.000000,0.000000,cpu,0,0
1790531432.470030,50.150000,0.000000,0.000000,cpu,0,0
1790531432.570143,50.700000,0.000000,0.000000,cpu,0,0
1790531432.670268,51.800000,0.000000,0.000000,cpu,0,0
1790531432.770395,51.250000,0.000000,0.000000,cpu,0,0
1790531432.870517,50.150000,0.000000,0.000000,cpu,0,0
1790531432.970639,50.150000,0.000000,0.000000,cpu,0,0
1790531433.070750,49.600000,0.000000,0.000000,cpu,0,0
1790531433.170854,50.700000,0.000000,0.000000,cpu,0,0
1790531433.270955,50.150000,0.000000,0.000000,cpu,0,0
1790531433.371065,49.600000,0.000000,0.000000,cpu,0,0
1790531433.471188,50.700000,0.000000,0.000000,cpu,0,0
1790531433.571306,50.150000,0.000000,0.000000,cpu,0,0
1790531433.671434,50.150000,0.000000,0.000000,cpu,0,0
1790531433.771555,50.150000,0.000000,0.000000,cpu,0,0
1790531433.871670,49.600000,0.000000,0.000000,cpu,0,0
1790531433.971786,51.250000,0.000000,0.000000,cpu,0,0
1790531434.071898,50.150000,0.000000,0.000000,cpu,0,0
1790531434.171999,51.250000,0.000000,0.000000,cpu,0,0
1790531434.272097,50.150000,0.000000,0.000000,cpu,0,0
1790531434.372205,51.250000,0.000000,0.000000,cpu,0,0
1790531434.472326,50.150000,0.000000,0.000000,cpu,0,0
1790531434.572439,50.700000,0.000000,0.000000,cpu,0,0
1790531434.672617,49.600000,0.000000,0.000000,cpu,0,0
1790531434.772778,49.600000,0.000000,0.000000,cpu,0,0
1790531434.872898,50.150000,0.000000,0.000000,cpu,0,0
1790531434.972999,50.150000,0.000000,0.000000,cpu,0,0
1790531435.073115,50.150000,0.000000,0.000000,cpu,0,0
1790531435.173216,49.600000,0.000000,0.000000,cpu,0,0
1790531435.273314,50.150000,0.000000,0.000000,cpu,0,0
1790531435.373426,50.700000,0.000000,0.000000,cpu,0,0
1790531435.473546,49.600000,0.000000,0.000000,cpu,0,0
1790531435.573653,48.500000,0.000000,0.000000,cpu,0,0
1790531435.673782,51.250000,0.000000,0.000000,cpu,0,0
1790531435.773907,50.700000,0.000000,0.000000,cpu,0,0
1790531435.874019,50.150000,0.000000,0.000000,cpu,0,0
1790531435.974135,49.600000,0.000000,0.000000,cpu,0,0
1790531436.074247,49.600000,0.000000,0.000000,cpu,0,0
1790531436.174347,50.150000,0.000000,0.000000,cpu,0,0
1790531436.274447,49.600000,0.000000,0.000000,cpu,0,0
1790531436.374554,49.600000,0.000000,0.000000,cpu,0,0
1790531436.474673,50.150000,0.000000,0.000000,cpu,0,0
1790531436.574790,50.150000,0.000000,0.000000,cpu,0,0
1790531436.674922,50.150000,0.000000,0.000000,cpu,0,0
1790531436.775087,49.600000,0.000000,0.000000,cpu,0,0
1790531436.875233,49.600000,0.000000,0.000000,cpu,0,0
1790531436.975358,49.050000,0.000000,0.000000,cpu,0,0
1790531437.075476,51.250000,0.000000,0.000000,cpu,0,0
1790531437.175583,50.150000,0.000000,0.000000,cpu,0,0
1790531437.275684,51.800000,0.000000,0.000000,cpu,0,0
1790531437.375793,49.050000,0.000000,0.000000,cpu,0,0
1790531437.475912,50.150000,0.000000,0.000000,cpu,0,0
1790531437.576029,50.150000,0.000000,0.000000,cpu,0,0
1790531437.676160,50.150000,0.000000,0.000000,cpu,0,0
1790531437.776284,51.250000,0.000000,0.000000,cpu,0,0
1790531437.876402,49.600000,0.000000,0.000000,cpu,0,0
1790531437.976518,50.150000,0.000000,0.000000,cpu,0,0
1790531438.076630,50.150000,0.000000,0.000000,cpu,0,0
1790531438.176735,49.600000,0.000000,0.000000,cpu,0,0
1790531438.276836,50.150000,0.000000,0.000000,cpu,0,0
1790531438.376944,50.700000,0.000000,0.000000,cpu,0,0
1790531438.477071,49.600000,0.000000,0.000000,cpu,0,0
1790531438.577183,49.600000,0.000000,0.000000,cpu,0,0
1790531438.677307,50.150000,0.000000,0.000000,cpu,0,0
1790531438.777430,50.700000,0.000000,0.000000,cpu,0,0
1790531438.877541,50.150000,0.000000,0.000000,cpu,0,0
1790531438.977661,49.600000,0.000000,0.000000,cpu,0,0
1790531439.077776,50.150000,0.000000,0.000000,cpu,0,0
1790531439.177880,50.150000,0.000000,0.000000,cpu,0,0
1790531439.277979,50.150000,0.000000,0.000000,cpu,0,0
1790531439.378088,49.600000,0.000000,0.000000,cpu,0,0
1790531439.478202,49.600000,0.000000,0.000000,cpu,0,0
1790531439.578317,50.150000,0.000000,0.000000,cpu,0,0
1790531439.678491,50.700000,0.000000,0.000000,cpu,0,0
1790531439.778636,50.150000,0.000000,0.000000,cpu,0,0
1790531439.878756,50.150000,0.000000,0.000000,cpu,0,0
1790531439.978886,50.150000,0.000000,0.000000,cpu,0,0
1790531440.079001,50.700000,0.000000,0.000000,cpu,0,0
1790531440.179106,48.500000,0.000000,0.000000,cpu,0,0
1790531440.279209,49.050000,0.000000,0.000000,cpu,0,0
1790531440.379315,49.050000,0.000000,0.000000,cpu,0,0
1790531440.479432,50.150000,0.000000,0.000000,cpu,0,0
1790531440.579549,50.700000,0.000000,0.000000,cpu,0,0
1790531440.679677,49.600000,0.000000,0.000000,cpu,0,0
1790531440.779810,50.150000,0.000000,0.000000,cpu,0,0
1790531440.879929,50.150000,0.000000,0.000000,cpu,0,0
1790531440.980048,49.600000,0.000000,0.000000,cpu,0,0
1790531441.080162,50.150000,0.000000,0.000000,cpu,0,0
1790531441.180267,50.150000,0.000000,0.000000,cpu,0,0
1790531441.280368,49.600000,0.000000,0.000000,cpu,0,0
1790531441.380479,50.150000,0.000000,0.000000,cpu,0,0
1790531441.480597,49.600000,0.000000,0.000000,cpu,0,0
1790531441.580709,49.600000,0.000000,0.000000,cpu,0,0
1790531441.680834,49.600000,0.000000,0.000000,cpu,0,0
1790531441.780959,50.700000,0.000000,0.000000,cpu,0,0
1790531441.881079,50.700000,0.000000,0.000000,cpu,0,0
1790531441.981195,50.700000,0.000000,0.000000,cpu,0,0
1790531442.081307,50.150000,0.000000,0.000000,cpu,0,0
1790531442.181412,50.150000,0.000000,0.000000,cpu,0,0
1790531442.281514,49.600000,0.000000,0.000000,cpu,0,0
1790531442.381627,50.150000,0.000000,0.000000,cpu,0,0
1790531442.481749,50.700000,0.000000,0.000000,cpu,0,0
1790531442.581868,50.150000,0.000000,0.000000,cpu,0,0
1790531442.681989,50.150000,0.000000,0.000000,cpu,0,0
1790531442.782114,50.150000,0.000000,0.000000,cpu,0,0
1790531442.882235,50.700000,0.000000,0.000000,cpu,0,0
1790531442.982355,50.700000,0.000000,0.000000,cpu,0,0
1790531443.082470,49.600000,0.000000,0.000000,cpu,0,0
1790531443.182573,50.150000,0.000000,0.000000,cpu,0,0
1790531443.282675,50.150000,0.000000,0.000000,cpu,0,0
1790531443.382785,50.150000,0.000000,0.000000,cpu,0,0
1790531443.482902,50.150000,0.000000,0.000000,cpu,0,0
1790531443.583014,49.600000,0.000000,0.000000,cpu,0,0
1790531443.683140,50.150000,0.000000,0.000000,cpu,0,0
1790531443.783258,49.050000,0.000000,0.000000,cpu,0,0
1790531443.883371,50.150000,0.000000,0.000000,cpu,0,0
1790531443.983490,50.150000,0.000000,0.000000,cpu,0,0
1790531444.083602,49.050000,0.000000,0.000000,cpu,0,0
1790531444.183706,49.050000,0.000000,0.000000,cpu,0,0
1790531444.283807,50.150000,0.000000,0.000000,cpu,0,0
1790531444.383916,50.150000,0.000000,0.000000,cpu,0,0
1790531444.484031,50.150000,0.000000,0.000000,cpu,0,0
1790531444.584141,50.150000,0.000000,0.000000,cpu,0,0
1790531444.684297,50.150000,0.000000,0.000000,cpu,0,0
1790531444.784455,49.600000,0.000000,0.000000,cpu,0,0
1790531444.884586,49.600000,0.000000,0.000000,cpu,0,0
1790531444.984712,49.600000,0.000000,0.000000,cpu,0,0
1790531445.084831,50.150000,0.000000,0.000000,cpu,0,0
1790531445.184938,50.150000,0.000000,0.000000,cpu,0,0
1790531445.285053,50.150000,0.000000,0.000000,cpu,0,0
1790531445.385166,50.150000,0.000000,0.000000,cpu,0,0
1790531445.485285,50.700000,0.000000,0.000000,cpu,0,0
1790531445.585401,51.250000,0.000000,0.000000,cpu,0,0
1790531445.685532,49.600000,0.000000,0.000000,cpu,0,0
1790531445.785648,50.150000,0.000000,0.000000,cpu,0,0
1790531445.885756,50.150000,0.000000,0.000000,cpu,0,0
1790531445.985870,50.150000,0.000000,0.000000,cpu,0,0
1790531446.085985,50.150000,0.000000,0.000000,cpu,0,0
1790531446.186093,51.800000,0.000000,0.000000,cpu,0,0
1790531446.286190,50.150000,0.000000,0.000000,cpu,0,0
1790531446.386295,50.700000,0.000000,0.000000,cpu,0,0
1790531446.486408,50.150000,0.000000,0.000000,cpu,0,0
1790531446.586517,49.600000,0.000000,0.000000,cpu,0,0
1790531446.686637,50.150000,0.000000,0.000000,cpu,0,0
1790531446.786754,50.150000,0.000000,0.000000,cpu,0,0
1790531446.886862,49.600000,0.000000,0.000000,cpu,0,0
1790531446.986976,49.600000,0.000000,0.000000,cpu,0,0
1790531447.087091,49.600000,0.000000,0.000000,cpu,0,0
1790531447.187201,50.150000,0.000000,0.000000,cpu,0,0
1790531447.287301,50.150000,0.000000,0.000000,cpu,0,0
1790531447.387407,50.150000,0.000000,0.000000,cpu,0,0
1790531447.487525,50.700000,0.000000,0.000000,cpu,0,0
1790531447.587632,50.700000,0.000000,0.000000,cpu,0,0
1790531447.687759,50.150000,0.000000,0.000000,cpu,0,0
1790531447.787876,50.150000,0.000000,0.000000,cpu,0,0
1790531447.887990,49.600000,0.000000,0.000000,cpu,0,0
1790531447.988108,49.600000,0.000000,0.000000,cpu,0,0
1790531448.088216,48.500000,0.000000,0.000000,cpu,0,0
1790531448.188319,49.600000,0.000000,0.000000,cpu,0,0
1790531448.288420,51.250000,0.000000,0.000000,cpu,0,0
1790531448.388532,50.700000,0.000000,0.000000,cpu,0,0
1790531448.488648,50.150000,0.000000,0.000000,cpu,0,0
1790531448.588766,50.700000,0.000000,0.000000,cpu,0,0
1790531448.688895,50.150000,0.000000,0.000000,cpu,0,0
1790531448.789050,50.150000,0.000000,0.000000,cpu,0,0
1790531448.889189,49.600000,0.000000,0.000000,cpu,0,0
1790531448.989313,50.150000,0.000000,0.000000,cpu,0,0
1790531449.089428,50.700000,0.000000,0.000000,cpu,0,0
1790531449.189532,49.600000,0.000000,0.000000,cpu,0,0
1790531449.289633,48.500000,0.000000,0.000000,cpu,0,0
1790531449.389744,49.600000,0.000000,0.000000,cpu,0,0
1790531449.489859,49.600000,0.000000,0.000000,cpu,0,0
1790531449.589973,50.700000,0.000000,0.000000,cpu,0,0
1790531449.690130,50.150000,0.000000,0.000000,cpu,0,0
1790531449.790271,50.150000,0.000000,0.000000,cpu,0,0
1790531449.890391,48.500000,0.000000,0.000000,cpu,0,0
1790531449.990514,50.150000,0.000000,0.000000,cpu,0,0
1790531450.090628,50.150000,0.000000,0.000000,cpu,0,0
1790531450.190738,50.150000,0.000000,0.000000,cpu,0,0
1790531450.290840,50.150000,0.000000,0.000000,cpu,0,0
1790531450.390954,50.150000,0.000000,0.000000,cpu,0,0
1790531450.491073,49.050000,0.000000,0.000000,cpu,0,0
1790531450.591187,49.600000,0.000000,0.000000,cpu,0,0
1790531450.691318,49.600000,0.000000,0.000000,cpu,0,0
1790531450.791444,51.800000,0.000000,0.000000,cpu,0,0
1790531450.891557,50.150000,0.000000,0.000000,cpu,0,0
1790531450.991679,49.050000,0.000000,0.000000,cpu,0,0
1790531451.091794,50.700000,0.000000,0.000000,cpu,0,0
1790531451.191897,50.150000,0.000000,0.000000,cpu,0,0
1790531451.291998,49.600000,0.000000,0.000000,cpu,0,0
1790531451.392111,50.150000,0.000000,0.000000,cpu,0,0
1790531451.492232,49.600000,0.000000,0.000000,cpu,0,0
1790531451.592347,50.150000,0.000000,0.000000,cpu,0,0
1790531451.692478,50.150000,0.000000,0.000000,cpu,0,0
1790531451.792605,51.250000,0.000000,0.000000,cpu,0,0
1790531451.892721,49.600000,0.000000,0.000000,cpu,0,0
1790531451.992843,49.050000,0.000000,0.000000,cpu,0,0
1790531452.092953,50.700000,0.000000,0.000000,cpu,0,0
1790531452.193070,50.150000,0.000000,0.000000,cpu,0,0
1790531452.293179,50.150000,0.000000,0.000000,cpu,0,0
1790531452.393300,49.600000,0.000000,0.000000,cpu,0,0
1790531452.493415,50.150000,0.000000,0.000000,cpu,0,0
1790531452.593516,50.150000,0.000000,0.000000,cpu,0,0
1790531452.693643,50.150000,0.000000,0.000000,cpu,0,0
1790531452.793765,49.600000,0.000000,0.000000,cpu,0,0
1790531452.893880,50.150000,0.000000,0.000000,cpu,0,0
1790531452.993999,49.600000,0.000000,0.000000,cpu,0,0
1790531453.094112,49.600000,0.000000,0.000000,cpu,0,0
1790531453.194215,49.600000,0.000000,0.000000,cpu,0,0
1790531453.294316,49.600000,0.000000,0.000000,cpu,0,0
1790531453.394427,50.150000,0.000000,0.000000,cpu,0,0
1790531453.494545,50.150000,0.000000,0.000000,cpu,0,0
1790531453.594652,49.600000,0.000000,0.000000,cpu,0,0
1790531453.694777,49.600000,0.000000,0.000000,cpu,0,0
1790531453.794896,49.600000,0.000000,0.000000,cpu,0,0
1790531453.895009,50.150000,0.000000,0.000000,cpu,0,0
1790531453.995128,50.700000,0.000000,0.000000,cpu,0,0
1790531454.095236,49.050000,0.000000,0.000000,cpu,0,0
1790531454.195339,51.250000,0.000000,0.000000,cpu,0,0
1790531454.295441,49.600000,0.000000,0.000000,cpu,0,0
1790531454.395553,49.050000,0.000000,0.000000,cpu,0,0
1790531454.495669,50.150000,0.000000,0.000000,cpu,0,0
1790531454.595781,50.700000,0.000000,0.000000,cpu,0,0
1790531454.695945,49.600000,0.000000,0.000000,cpu,0,0
1790531454.796139,50.150000,0.000000,0.000000,cpu,0,0
1790531454.896286,50.150000,0.000000,0.000000,cpu,0,0
1790531454.996413,50.150000,0.000000,0.000000,cpu,0,0
1790531455.096527,49.600000,0.000000,0.000000,cpu,0,0
1790531455.196634,49.600000,0.000000,0.000000,cpu,0,0
1790531455.296740,48.500000,0.000000,0.000000,cpu,0,0
1790531455.396853,50.700000,0.000000,0.000000,cpu,0,0
1790531455.496980,49.600000,0.000000,0.000000,cpu,0,0
1790531455.597092,49.600000,0.000000,0.000000,cpu,0,0
1790531455.697223,50.150000,0.000000,0.000000,cpu,0,0
1790531455.797344,50.150000,0.000000,0.000000,cpu,0,0
1790531455.897457,50.150000,0.000000,0.000000,cpu,0,0
1790531455.997576,49.600000,0.000000,0.000000,cpu,0,0
1790531456.097689,49.600000,0.000000,0.000000,cpu,0,0
1790531456.197793,50.700000,0.000000,0.000000,cpu,0,0
1790531456.297894,50.150000,0.000000,0.000000,cpu,0,0
1790531456.398005,49.600000,0.000000,0.000000,cpu,0,0
1790531456.498124,49.600000,0.000000,0.000000,cpu,0,0
1790531456.598240,50.150000,0.000000,0.000000,cpu,0,0
1790531456.698373,49.600000,0.000000,0.000000,cpu,0,0
1790531456.798492,49.600000,0.000000,0.000000,cpu,0,0
1790531456.898606,49.600000,0.000000,0.000000,cpu,0,0
1790531456.998725,50.150000,0.000000,0.000000,cpu,0,0
1790531457.098842,50.150000,0.000000,0.000000,cpu,0,0
1790531457.198953,49.600000,0.000000,0.000000,cpu,0,0
1790531457.299059,51.250000,0.000000,0.000000,cpu,0,0
1790531457.399177,49.600000,0.000000,0.000000,cpu,0,0
1790531457.499297,50.700000,0.000000,0.000000,cpu,0,0
1790531457.599421,49.600000,0.000000,0.000000,cpu,0,0
1790531457.699558,49.600000,0.000000,0.000000,cpu,0,0
1790531457.799689,50.150000,0.000000,0.000000,cpu,0,0
1790531457.899816,50.700000,0.000000,0.000000,cpu,0,0
1790531457.999936,49.600000,0.000000,0.000000,cpu,0,0
1790531458.100055,50.150000,0.000000,0.000000,cpu,0,0
1790531458.200167,50.150000,0.000000,0.000000,cpu,0,0
1790531458.300271,50.150000,0.000000,0.000000,cpu,0,0
1790531458.400384,49.600000,0.000000,0.000000,cpu,0,0
1790531458.500506,49.050000,0.000000,0.000000,cpu,0,0
1790531458.600625,50.700000,0.000000,0.000000,cpu,0,0
1790531458.700755,49.600000,0.000000,0.000000,cpu,0,0
1790531458.800878,49.600000,0.000000,0.000000,cpu,0,0
1790531458.901000,49.050000,0.000000,0.000000,cpu,0,0
1790531459.001121,50.150000,0.000000,0.000000,cpu,0,0
1790531459.101237,49.600000,0.000000,0.000000,cpu,0,0
1790531459.201349,49.600000,0.000000,0.000000,cpu,0,0
1790531459.301452,49.600000,0.000000,0.000000,cpu,0,0
1790531459.401564,51.250000,0.000000,0.000000,cpu,0,0
1790531459.501681,49.600000,0.000000,0.000000,cpu,0,0
1790531459.601796,50.150000,0.000000,0.000000,cpu,0,0
1790531459.701958,50.150000,0.000000,0.000000,cpu,0,0
1790531459.802104,49.050000,0.000000,0.000000,cpu,0,0
1790531459.902222,50.150000,0.000000,0.000000,cpu,0,0
1790531460.002346,49.050000,0.000000,0.000000,cpu,0,0
1790531460.102466,50.700000,0.000000,0.000000,cpu,0,0
1790531460.202575,50.700000,0.000000,0.000000,cpu,0,0
1790531460.302682,50.700000,0.000000,0.000000,cpu,0,0
1790531460.402799,50.700000,0.000000,0.000000,cpu,0,0
1790531460.502923,49.600000,0.000000,0.000000,cpu,0,0
1790531460.603045,49.600000,0.000000,0.000000,cpu,0,0
1790531460.703204,49.600000,0.000000,0.000000,cpu,0,0
1790531460.803376,50.150000,0.000000,0.000000,cpu,0,0
1790531460.903519,50.700000,0.000000,0.000000,cpu,0,0
1790531461.003644,49.600000,0.000000,0.000000,cpu,0,0
1790531461.103766,50.150000,0.000000,0.000000,cpu,0,0
1790531461.203880,50.150000,0.000000,0.000000,cpu,0,0
1790531461.303985,49.600000,0.000000,0.000000,cpu,0,0
1790531461.404098,49.600000,0.000000,0.000000,cpu,0,0
1790531461.504220,50.150000,0.000000,0.000000,cpu,0,0
1790531461.604340,49.600000,0.000000,0.000000,cpu,0,0
1790531461.704470,49.600000,0.000000,0.000000,cpu,0,0
1790531461.804594,49.600000,0.000000,0.000000,cpu,0,0
1790531461.904706,50.150000,0.000000,0.000000,cpu,0,0
1790531462.004823,49.600000,0.000000,0.000000,cpu,0,0
1790531462.104943,49.600000,0.000000,0.000000,cpu,0,0
1790531462.205064,50.150000,0.000000,0.000000,cpu,0,0
1790531462.305168,50.150000,0.000000,0.000000,cpu,0,0
1790531462.405286,49.600000,0.000000,0.000000,cpu,0,0
1790531462.505401,50.700000,0.000000,0.000000,cpu,0,0
1790531462.605517,50.150000,0.000000,0.000000,cpu,0,0
1790531462.705649,49.600000,0.000000,0.000000,cpu,0,0
1790531462.805767,50.150000,0.000000,0.000000,cpu,0,0
1790531462.905876,49.050000,0.000000,0.000000,cpu,0,0
1790531463.005990,49.600000,0.000000,0.000000,cpu,0,0
1790531463.106103,50.150000,0.000000,0.000000,cpu,0,0
1790531463.206208,50.150000,0.000000,0.000000,cpu,0,0
1790531463.306306,50.150000,0.000000,0.000000,cpu,0,0
1790531463.406410,49.050000,0.000000,0.000000,cpu,0,0
1790531463.506522,50.150000,0.000000,0.000000,cpu,0,0
1790531463.606639,50.150000,0.000000,0.000000,cpu,0,0
1790531463.706765,49.600000,0.000000,0.000000,cpu,0,0
1790531463.806881,50.700000,0.000000,0.000000,cpu,0,0
1790531463.906990,49.600000,0.000000,0.000000,cpu,0,0
1790531464.007105,49.600000,0.000000,0.000000,cpu,0,0
1790531464.107223,50.150000,0.000000,0.000000,cpu,0,0
1790531464.207334,49.600000,0.000000,0.000000,cpu,0,0
1790531464.307437,51.800000,0.000000,0.000000,cpu,0,0
1790531464.407549,49.600000,0.000000,0.000000,cpu,0,0
1790531464.507668,49.600000,0.000000,0.000000,cpu,0,0
1790531464.607783,50.150000,0.000000,0.000000,cpu,0,0
1790531464.707942,48.500000,0.000000,0.000000,cpu,0,0
1790531464.808091,49.600000,0.000000,0.000000,cpu,0,0
1790531464.908223,49.600000,0.000000,0.000000,cpu,0,0
1790531465.008348,50.150000,0.000000,0.000000,cpu,0,0
1790531465.108467,50.700000,0.000000,0.000000,cpu,0,0
1790531465.208578,50.150000,0.000000,0.000000,cpu,0,0
1790531465.308682,50.150000,0.000000,0.000000,cpu,0,0
1790531465.408798,49.600000,0.000000,0.000000,cpu,0,0
1790531465.508921,50.150000,0.000000,0.000000,cpu,0,0
1790531465.609039,48.500000,0.000000,0.000000,cpu,0,0
1790531465.709173,49.050000,0.000000,0.000000,cpu,0,0
1790531465.809295,49.600000,0.000000,0.000000,cpu,0,0
1790531465.909408,50.700000,0.000000,0.000000,cpu,0,0
1790531466.009522,50.700000,0.000000,0.000000,cpu,0,0
1790531466.109635,50.700000,0.000000,0.000000,cpu,0,0
1790531466.209740,49.600000,0.000000,0.000000,cpu,0,0
1790531466.309838,49.050000,0.000000,0.000000,cpu,0,0
1790531466.409945,49.600000,0.000000,0.000000,cpu,0,0
1790531466.510056,49.600000,0.000000,0.000000,cpu,0,0
1790531466.610173,50.150000,0.000000,0.000000,cpu,0,0
1790531466.710304,50.700000,0.000000,0.000000,cpu,0,0
1790531466.810447,51.250000,0.000000,0.000000,cpu,0,0
1790531466.910577,49.050000,0.000000,0.000000,cpu,0,0
1790531467.010693,49.600000,0.000000,0.000000,cpu,0,0
1790531467.110806,49.600000,0.000000,0.000000,cpu,0,0
1790531467.210915,51.250000,0.000000,0.000000,cpu,0,0
1790531467.311017,49.600000,0.000000,0.000000,cpu,0,0
1790531467.411129,49.600000,0.000000,0.000000,cpu,0,0
1790531467.511247,50.150000,0.000000,0.000000,cpu,0,0
1790531467.611362,51.800000,0.000000,0.000000,cpu,0,0
1790531467.711495,51.250000,0.000000,0.000000,cpu,0,0
1790531467.811613,49.600000,0.000000,0.000000,cpu,0,0
1790531467.911726,50.700000,0.000000,0.000000,cpu,0,0
1790531468.011844,49.600000,0.000000,0.000000,cpu,0,0
1790531468.111959,49.600000,0.000000,0.000000,cpu,0,0
1790531468.212069,48.500000,0.000000,0.000000,cpu,0,0
1790531468.312172,49.600000,0.000000,0.000000,cpu,0,0
1790531468.412284,49.600000,0.000000,0.000000,cpu,0,0
1790531468.512399,49.600000,0.000000,0.000000,cpu,0,0
1790531468.612520,51.250000,0.000000,0.000000,cpu,0,0
1790531468.712648,49.600000,0.000000,0.000000,cpu,0,0
1790531468.812761,49.600000,0.000000,0.000000,cpu,0,0
1790531468.912869,50.150000,0.000000,0.000000,cpu,0,0
1790531469.012989,49.600000,0.000000,0.000000,cpu,0,0
1790531469.113099,50.700000,0.000000,0.000000,cpu,0,0
1790531469.213205,49.600000,0.000000,0.000000,cpu,0,0
1790531469.313302,49.600000,0.000000,0.000000,cpu,0,0
1790531469.413409,49.600000,0.000000,0.000000,cpu,0,0
1790531469.513523,50.700000,0.000000,0.000000,cpu,0,0
1790531469.613648,50.150000,0.000000,0.000000,cpu,0,0
1790531469.713814,50.150000,0.000000,0.000000,cpu,0,0
1790531469.813951,50.150000,0.000000,0.000000,cpu,0,0
1790531469.914067,51.250000,0.000000,0.000000,cpu,0,0
1790531470.014189,49.050000,0.000000,0.000000,cpu,0,0
1790531470.114301,49.600000,0.000000,0.000000,cpu,0,0
1790531470.214410,50.150000,0.000000,0.000000,cpu,0,0
1790531470.314515,50.150000,0.000000,0.000000,cpu,0,0
1790531470.414628,49.600000,0.000000,0.000000,cpu,0,0
1790531470.514751,49.600000,0.000000,0.000000,cpu,0,0
1790531470.614886,49.050000,0.000000,0.000000,cpu,0,0
1790531470.715024,49.600000,0.000000,0.000000,cpu,0,0
1790531470.815143,51.250000,0.000000,0.000000,cpu,0,0
1790531470.915255,50.150000,0.000000,0.000000,cpu,0,0
1790531471.015372,49.600000,0.000000,0.000000,cpu,0,0
1790531471.115489,50.150000,0.000000,0.000000,cpu,0,0
1790531471.215600,50.150000,0.000000,0.000000,cpu,0,0
1790531471.315704,50.150000,0.000000,0.000000,cpu,0,0
1790531471.415815,49.600000,0.000000,0.000000,cpu,0,0
1790531471.515931,49.600000,0.000000,0.000000,cpu,0,0
1790531471.616058,49.050000,0.000000,0.000000,cpu,0,0
1790531471.716192,49.050000,0.000000,0.000000,cpu,0,0
1790531471.816309,51.250000,0.000000,0.000000,cpu,0,0
1790531471.916420,51.250000,0.000000,0.000000,cpu,0,0
1790531472.016537,49.600000,0.000000,0.000000,cpu,0,0
1790531472.116653,49.600000,0.000000,0.000000,cpu,0,0
1790531472.216761,49.600000,0.000000,0.000000,cpu,0,0
1790531472.316864,49.600000,0.000000,0.000000,cpu,0,0
1790531472.416988,49.600000,0.000000,0.000000,cpu,0,0
1790531472.517106,49.600000,0.000000,0.000000,cpu,0,0
1790531472.617235,49.600000,0.000000,0.000000,cpu,0,0
1790531472.717388,50.150000,0.000000,0.000000,cpu,0,0
1790531472.817525,49.600000,0.000000,0.000000,cpu,0,0
1790531472.917645,49.600000,0.000000,0.000000,cpu,0,0
1790531473.017763,49.600000,0.000000,0.000000,cpu,0,0
1790531473.117882,48.500000,0.000000,0.000000,cpu,0,0
1790531473.217991,49.600000,0.000000,0.000000,cpu,0,0
1790531473.318097,49.600000,0.000000,0.000000,cpu,0,0
1790531473.418209,50.150000,0.000000,0.000000,cpu,0,0
1790531473.518328,50.150000,0.000000,0.000000,cpu,0,0
1790531473.618454,49.600000,0.000000,0.000000,cpu,0,0
1790531473.718587,49.600000,0.000000,0.000000,cpu,0,0
1790531473.818705,50.150000,0.000000,0.000000,cpu,0,0
1790531473.918819,50.150000,0.000000,0.000000,cpu,0,0
1790531474.018933,49.600000,0.000000,0.000000,cpu,0,0
1790531474.119049,50.150000,0.000000,0.000000,cpu,0,0
1790531474.219157,49.600000,0.000000,0.000000,cpu,0,0
1790531474.319261,49.600000,0.000000,0.000000,cpu,0,0
1790531474.419375,49.600000,0.000000,0.000000,cpu,0,0
1790531474.519491,47.400000,0.000000,0.000000,cpu,0,0
1790531474.619615,49.050000,0.000000,0.000000,cpu,0,0
1790531474.719790,50.150000,0.000000,0.000000,cpu,0,0
1790531474.819937,49.600000,0.000000,0.000000,cpu,0,0
1790531474.920061,49.600000,0.000000,0.000000,cpu,0,0
1790531475.020182,50.150000,0.000000,0.000000,cpu,0,0
1790531475.120298,49.050000,0.000000,0.000000,cpu,0,0
1790531475.220406,49.050000,0.000000,0.000000,cpu,0,0
1790531475.320511,49.600000,0.000000,0.000000,cpu,0,0
1790531475.420624,49.050000,0.000000,0.000000,cpu,0,0
1790531475.520736,49.600000,0.000000,0.000000,cpu,0,0
1790531475.620877,49.600000,0.000000,0.000000,cpu,0,0
1790531475.721024,49.600000,0.000000,0.000000,cpu,0,0
1790531475.821144,50.150000,0.000000,0.000000,cpu,0,0
1790531475.921261,50.700000,0.000000,0.000000,cpu,0,0
1790531476.021381,49.600000,0.000000,0.000000,cpu,0,0
1790531476.121494,50.150000,0.000000,0.000000,cpu,0,0
1790531476.221600,50.150000,0.000000,0.000000,cpu,0,0
1790531476.321701,50.700000,0.000000,0.000000,cpu,0,0
1790531476.421814,49.600000,0.000000,0.000000,cpu,0,0
1790531476.521928,49.600000,0.000000,0.000000,cpu,0,0
1790531476.622059,49.600000,0.000000,0.000000,cpu,0,0
1790531476.722195,50.150000,0.000000,0.000000,cpu,0,0
1790531476.822312,48.500000,0.000000,0.000000,cpu,0,0
1790531476.922427,49.600000,0.000000,0.000000,cpu,0,0
1790531477.022546,50.700000,0.000000,0.000000,cpu,0,0
1790531477.122660,50.150000,0.000000,0.000000,cpu,0,0
1790531477.222770,49.600000,0.000000,0.000000,cpu,0,0
1790531477.322872,50.150000,0.000000,0.000000,cpu,0,0
1790531477.422984,49.050000,0.000000,0.000000,cpu,0,0
1790531477.523101,50.150000,0.000000,0.000000,cpu,0,0
1790531477.623238,48.500000,0.000000,0.000000,cpu,0,0
1790531477.723375,49.600000,0.000000,0.000000,cpu,0,0
1790531477.823492,47.950000,0.000000,0.000000,cpu,0,0
1790531477.923609,50.150000,0.000000,0.000000,cpu,0,0
1790531478.023729,49.600000,0.000000,0.000000,cpu,0,0
1790531478.123847,49.600000,0.000000,0.000000,cpu,0,0
1790531478.223959,49.600000,0.000000,0.000000,cpu,0,0
1790531478.324062,49.600000,0.000000,0.000000,cpu,0,0
1790531478.424173,49.600000,0.000000,0.000000,cpu,0,0
1790531478.524289,49.600000,0.000000,0.000000,cpu,0,0
1790531478.624422,49.600000,0.000000,0.000000,cpu,0,0
1790531478.724565,49.600000,0.000000,0.000000,cpu,0,0
1790531478.824685,50.150000,0.000000,0.000000,cpu,0,0
1790531478.924801,49.600000,0.000000,0.000000,cpu,0,0
1790531479.024921,49.600000,0.000000,0.000000,cpu,0,0
1790531479.125039,50.150000,0.000000,0.000000,cpu,0,0
1790531479.225151,49.600000,0.000000,0.000000,cpu,0,0
1790531479.325252,49.600000,0.000000,0.000000,cpu,0,0
1790531479.425362,50.150000,0.000000,0.000000,cpu,0,0
1790531479.525477,50.700000,0.000000,0.000000,cpu,0,0
1790531479.625605,49.050000,0.000000,0.000000,cpu,0,0
1790531479.725792,50.700000,0.000000,0.000000,cpu,0,0
1790531479.825947,49.600000,0.000000,0.000000,cpu,0,0
1790531479.926068,49.600000,0.000000,0.000000,cpu,0,0
1790531480.026193,49.050000,0.000000,0.000000,cpu,0,0
1790531480.126316,50.150000,0.000000,0.000000,cpu,0,0
1790531480.226430,49.600000,0.000000,0.000000,cpu,0,0
1790531480.326534,49.600000,0.000000,0.000000,cpu,0,0
1790531480.426646,50.150000,0.000000,0.000000,cpu,0,0
1790531480.526760,49.050000,0.000000,0.000000,cpu,0,0
1790531480.626894,49.600000,0.000000,0.000000,cpu,0,0
1790531480.727033,49.600000,0.000000,0.000000,cpu,0,0
1790531480.827157,51.250000,0.000000,0.000000,cpu,0,0
1790531480.927272,50.150000,0.000000,0.000000,cpu,0,0
1790531481.027390,50.700000,0.000000,0.000000,cpu,0,0
1790531481.127506,49.050000,0.000000,0.000000,cpu,0,0
1790531481.227619,49.600000,0.000000,0.000000,cpu,0,0
1790531481.327722,49.600000,0.000000,0.000000,cpu,0,0
1790531481.427833,50.700000,0.000000,0.000000,cpu,0,0
1790531481.527951,49.600000,0.000000,0.000000,cpu,0,0
1790531481.628087,49.600000,0.000000,0.000000,cpu,0,0
1790531481.728225,50.700000,0.000000,0.000000,cpu,0,0
1790531481.828344,49.600000,0.000000,0.000000,cpu,0,0
1790531481.928462,50.700000,0.000000,0.000000,cpu,0,0
1790531482.028582,49.600000,0.000000,0.000000,cpu,0,0
1790531482.128698,49.600000,0.000000,0.000000,cpu,0,0
1790531482.228811,49.600000,0.000000,0.000000,cpu,0,0
1790531482.328923,50.150000,0.000000,0.000000,cpu,0,0
1790531482.429035,49.600000,0.000000,0.000000,cpu,0,0
1790531482.529147,49.600000,0.000000,0.000000,cpu,0,0
1790531482.629269,49.050000,0.000000,0.000000,cpu,0,0
1790531482.729396,49.600000,0.000000,0.000000,cpu,0,0
1790531482.829509,49.050000,0.000000,0.000000,cpu,0,0
1790531482.929617,49.600000,0.000000,0.000000,cpu,0,0
1790531483.029728,49.600000,0.000000,0.000000,cpu,0,0
1790531483.129839,49.600000,0.000000,0.000000,cpu,0,0
1790531483.229943,50.150000,0.000000,0.000000,cpu,0,0
1790531483.330041,49.600000,0.000000,0.000000,cpu,0,0
1790531483.430150,49.600000,0.000000,0.000000,cpu,0,0
1790531483.530263,51.250000,0.000000,0.000000,cpu,0,0
1790531483.630393,49.600000,0.000000,0.000000,cpu,0,0
1790531483.730521,50.150000,0.000000,0.000000,cpu,0,0
1790531483.830639,49.600000,0.000000,0.000000,cpu,0,0
1790531483.930753,49.050000,0.000000,0.000000,cpu,0,0
1790531484.030871,50.700000,0.000000,0.000000,cpu,0,0
1790531484.130990,49.600000,0.000000,0.000000,cpu,0,0
1790531484.231104,49.600000,0.000000,0.000000,cpu,0,0
1790531484.331208,49.600000,0.000000,0.000000,cpu,0,0
1790531484.431320,48.500000,0.000000,0.000000,cpu,0,0
1790531484.531436,49.600000,0.000000,0.000000,cpu,0,0
1790531507.744329,49.050000,0.000000,0.000000,cpu,0,0
1790531507.844560,50.150000,0.000000,0.000000,cpu,0,0
1790531507.944710,49.600000,0.000000,0.000000,cpu,0,0
1790531508.044815,50.150000,0.000000,0.000000,cpu,0,0
1790531508.144928,50.150000,0.000000,0.000000,cpu,0,0
1790531508.245051,49.600000,0.000000,0.000000,cpu,0,0
1790531508.345169,49.600000,0.000000,0.000000,cpu,0,0
1790531508.445273,50.150000,0.000000,0.000000,cpu,0,0
1790531508.545385,49.050000,0.000000,0.000000,cpu,0,0
1790531508.645502,49.050000,0.000000,0.000000,cpu,0,0
1790531508.745640,49.600000,0.000000,0.000000,cpu,0,0
1790531508.845772,49.600000,0.000000,0.000000,cpu,0,0
1790531508.945889,51.250000,0.000000,0.000000,cpu,0,0
1790531509.046002,49.050000,0.000000,0.000000,cpu,0,0
1790531509.146115,49.600000,0.000000,0.000000,cpu,0,0
1790531509.246226,49.050000,0.000000,0.000000,cpu,0,0
1790531509.346329,49.050000,0.000000,0.000000,cpu,0,0
1790531509.446431,50.700000,0.000000,0.000000,cpu,0,0
1790531509.546546,49.050000,0.000000,0.000000,cpu,0,0
1790531509.646669,49.600000,0.000000,0.000000,cpu,0,0
1790531509.746790,49.050000,0.000000,0.000000,cpu,0,0
1790531509.846912,50.700000,0.000000,0.000000,cpu,0,0
1790531509.947026,49.600000,0.000000,0.000000,cpu,0,0
1790531510.047134,49.050000,0.000000,0.000000,cpu,0,0
1790531510.147244,49.600000,0.000000,0.000000,cpu,0,0
1790531510.247357,49.050000,0.000000,0.000000,cpu,0,0
1790531510.347460,49.600000,0.000000,0.000000,cpu,0,0
1790531510.447562,49.600000,0.000000,0.000000,cpu,0,0
1790531510.547660,49.600000,0.000000,0.000000,cpu,0,0
1790531510.647772,50.700000,0.000000,0.000000,cpu,0,0
1790531510.747891,49.600000,0.000000,0.000000,cpu,0,0
1790531510.848015,49.600000,0.000000,0.000000,cpu,0,0
1790531510.948136,49.600000,0.000000,0.000000,cpu,0,0
1790531511.048247,49.600000,0.000000,0.000000,cpu,0,0
1790531511.148359,50.700000,0.000000,0.000000,cpu,0,0
1790531511.248473,49.600000,0.000000,0.000000,cpu,0,0
1790531511.348577,49.600000,0.000000,0.000000,cpu,0,0
1790531511.448678,49.050000,0.000000,0.000000,cpu,0,0
1790531511.548791,49.050000,0.000000,0.000000,cpu,0,0
1790531511.648906,50.700000,0.000000,0.000000,cpu,0,0
1790531511.749027,49.600000,0.000000,0.000000,cpu,0,0
1790531511.849151,49.600000,0.000000,0.000000,cpu,0,0
1790531511.949265,49.600000,0.000000,0.000000,cpu,0,0
1790531512.049370,49.050000,0.000000,0.000000,cpu,0,0
1790531512.149478,49.600000,0.000000,0.000000,cpu,0,0
1790531512.249593,49.600000,0.000000,0.000000,cpu,0,0
1790531512.349700,49.600000,0.000000,0.000000,cpu,0,0
1790531512.449798,49.600000,0.000000,0.000000,cpu,0,0
1790531512.549907,50.700000,0.000000,0.000000,cpu,0,0
1790531512.650027,49.600000,0.000000,0.000000,cpu,0,0
1790531512.750144,50.150000,0.000000,0.000000,cpu,0,0
1790531512.850298,49.600000,0.000000,0.000000,cpu,0,0
1790531512.950438,50.150000,0.000000,0.000000,cpu,0,0
1790531513.050548,49.050000,0.000000,0.000000,cpu,0,0
1790531513.150657,50.150000,0.000000,0.000000,cpu,0,0
1790531513.250767,49.600000,0.000000,0.000000,cpu,0,0
1790531513.350868,49.600000,0.000000,0.000000,cpu,0,0
1790531513.450970,49.050000,0.000000,0.000000,cpu,0,0
1790531513.551070,49.050000,0.000000,0.000000,cpu,0,0
1790531513.651181,49.600000,0.000000,0.000000,cpu,0,0
1790531513.751301,50.700000,0.000000,0.000000,cpu,0,0
1790531513.851419,49.600000,0.000000,0.000000,cpu,0,0
1790531513.951538,49.600000,0.000000,0.000000,cpu,0,0
1790531514.051647,49.600000,0.000000,0.000000,cpu,0,0
1790531514.151758,50.150000,0.000000,0.000000,cpu,0,0
1790531514.251870,49.600000,0.000000,0.000000,cpu,0,0
1790531514.351974,50.150000,0.000000,0.000000,cpu,0,0
1790531514.452077,49.600000,0.000000,0.000000,cpu,0,0
1790531514.552178,49.600000,0.000000,0.000000,cpu,0,0
1790531514.652289,49.600000,0.000000,0.000000,cpu,0,0
1790531514.752429,50.150000,0.000000,0.000000,cpu,0,0
1790531514.852562,49.600000,0.000000,0.000000,cpu,0,0
1790531514.952683,50.150000,0.000000,0.000000,cpu,0,0
1790531515.052792,49.050000,0.000000,0.000000,cpu,0,0
1790531515.152908,49.600000,0.000000,0.000000,cpu,0,0
1790531515.253017,49.050000,0.000000,0.000000,cpu,0,0
1790531515.353121,47.950000,0.000000,0.000000,cpu,0,0
1790531515.453223,49.600000,0.000000,0.000000,cpu,0,0
1790531515.553327,50.150000,0.000000,0.000000,cpu,0,0
1790531515.653444,49.600000,0.000000,0.000000,cpu,0,0
1790531515.753570,49.050000,0.000000,0.000000,cpu,0,0
1790531515.853692,49.600000,0.000000,0.000000,cpu,0,0
1790531515.953819,50.150000,0.000000,0.000000,cpu,0,0
1790531516.053926,49.600000,0.000000,0.000000,cpu,0,0
1790531516.154040,49.600000,0.000000,0.000000,cpu,0,0
1790531516.254154,50.150000,0.000000,0.000000,cpu,0,0
1790531516.354258,49.050000,0.000000,0.000000,cpu,0,0
1790531516.454359,49.600000,0.000000,0.000000,cpu,0,0
1790531516.554460,49.050000,0.000000,0.000000,cpu,0,0
1790531516.654567,50.700000,0.000000,0.000000,cpu,0,0
1790531516.754689,49.050000,0.000000,0.000000,cpu,0,0
1790531516.854811,50.700000,0.000000,0.000000,cpu,0,0
1790531516.954931,49.600000,0.000000,0.000000,cpu,0,0
1790531517.055044,49.050000,0.000000,0.000000,cpu,0,0
1790531517.155162,49.600000,0.000000,0.000000,cpu,0,0
1790531517.255275,51.250000,0.000000,0.000000,cpu,0,0
1790531517.355378,49.050000,0.000000,0.000000,cpu,0,0
1790531517.455482,49.600000,0.000000,0.000000,cpu,0,0
1790531517.555594,49.600000,0.000000,0.000000,cpu,0,0
1790531517.655720,49.600000,0.000000,0.000000,cpu,0,0
1790531517.755845,49.600000,0.000000,0.000000,cpu,0,0
1790531517.856011,49.600000,0.000000,0.000000,cpu,0,0
1790531517.956162,49.050000,0.000000,0.000000,cpu,0,0
1790531518.056275,49.050000,0.000000,0.000000,cpu,0,0
1790531518.156392,49.050000,0.000000,0.000000,cpu,0,0
1790531518.256504,50.150000,0.000000,0.000000,cpu,0,0
1790531518.356606,49.600000,0.000000,0.000000,cpu,0,0
1790531518.456708,49.600000,0.000000,0.000000,cpu,0,0
1790531518.556824,50.150000,0.000000,0.000000,cpu,0,0
1790531518.656947,49.050000,0.000000,0.000000,cpu,0,0
1790531518.757075,49.050000,0.000000,0.000000,cpu,0,0
1790531518.857195,49.050000,0.000000,0.000000,cpu,0,0
1790531518.957306,49.600000,0.000000,0.000000,cpu,0,0
1790531519.057411,49.050000,0.000000,0.000000,cpu,0,0
1790531519.157524,49.600000,0.000000,0.000000,cpu,0,0
1790531519.257635,49.600000,0.000000,0.000000,cpu,0,0
1790531519.357738,49.600000,0.000000,0.000000,cpu,0,0
1790531519.457837,49.600000,0.000000,0.000000,cpu,0,0
1790531519.557935,49.600000,0.000000,0.000000,cpu,0,0
1790531519.658043,50.700000,0.000000,0.000000,cpu,0,0
1790531519.758158,49.600000,0.000000,0.000000,cpu,0,0
1790531519.858272,49.600000,0.000000,0.000000,cpu,0,0
1790531519.958385,47.950000,0.000000,0.000000,cpu,0,0
1790531520.058491,50.150000,0.000000,0.000000,cpu,0,0
1790531520.158598,49.600000,0.000000,0.000000,cpu,0,0
1790531520.258707,49.600000,0.000000,0.000000,cpu,0,0
1790531520.358806,49.600000,0.000000,0.000000,cpu,0,0
1790531520.458908,49.600000,0.000000,0.000000,cpu,0,0
1790531520.559018,49.600000,0.000000,0.000000,cpu,0,0
1790531520.659168,49.600000,0.000000,0.000000,cpu,0,0
1790531520.759320,49.600000,0.000000,0.000000,cpu,0,0
1790531520.859448,49.600000,0.000000,0.000000,cpu,0,0
1790531520.959570,48.500000,0.000000,0.000000,cpu,0,0
1790531521.059682,49.600000,0.000000,0.000000,cpu,0,0
1790531521.159798,49.600000,0.000000,0.000000,cpu,0,0
1790531521.259910,49.600000,0.000000,0.000000,cpu,0,0
1790531521.360012,49.600000,0.000000,0.000000,cpu,0,0
1790531521.460114,49.050000,0.000000,0.000000,cpu,0,0
1790531521.560226,49.600000,0.000000,0.000000,cpu,0,0
1790531521.660352,49.050000,0.000000,0.000000,cpu,0,0
1790531521.760474,49.600000,0.000000,0.000000,cpu,0,0
1790531521.860593,49.050000,0.000000,0.000000,cpu,0,0
1790531521.960708,49.050000,0.000000,0.000000,cpu,0,0
1790531522.060818,49.600000,0.000000,0.000000,cpu,0,0
1790531522.160933,49.600000,0.000000,0.000000,cpu,0,0
1790531522.261059,49.050000,0.000000,0.000000,cpu,0,0
1790531522.361161,49.050000,0.000000,0.000000,cpu,0,0
1790531522.461264,49.600000,0.000000,0.000000,cpu,0,0
1790531522.561361,49.050000,0.000000,0.000000,cpu,0,0
1790531522.661474,49.600000,0.000000,0.000000,cpu,0,0
1790531522.761593,49.050000,0.000000,0.000000,cpu,0,0
1790531522.861773,49.600000,0.000000,0.000000,cpu,0,0
1790531522.961936,49.050000,0.000000,0.000000,cpu,0,0
1790531523.062059,49.050000,0.000000,0.000000,cpu,0,0
1790531523.162182,49.600000,0.000000,0.000000,cpu,0,0
1790531523.262294,49.600000,0.000000,0.000000,cpu,0,0
1790531523.362396,50.700000,0.000000,0.000000,cpu,0,0
1790531523.462503,49.600000,0.000000,0.000000,cpu,0,0
1790531523.562603,49.600000,0.000000,0.000000,cpu,0,0
1790531523.662718,49.600000,0.000000,0.000000,cpu,0,0
1790531523.762843,49.600000,0.000000,0.000000,cpu,0,0
1790531523.862963,49.600000,0.000000,0.000000,cpu,0,0
1790531523.963082,49.600000,0.000000,0.000000,cpu,0,0
1790531524.063194,49.600000,0.000000,0.000000,cpu,0,0
1790531524.163309,50.150000,0.000000,0.000000,cpu,0,0
1790531524.263420,48.500000,0.000000,0.000000,cpu,0,0
1790531524.363525,50.150000,0.000000,0.000000,cpu,0,0
1790531524.463626,49.600000,0.000000,0.000000,cpu,0,0
1790531524.563727,51.250000,0.000000,0.000000,cpu,0,0
1790531524.663841,49.050000,0.000000,0.000000,cpu,0,0
1790531524.763970,49.600000,0.000000,0.000000,cpu,0,0
1790531524.864093,49.600000,0.000000,0.000000,cpu,0,0
1790531524.964212,49.600000,0.000000,0.000000,cpu,0,0
1790531525.064325,49.050000,0.000000,0.000000,cpu,0,0
1790531525.164439,50.700000,0.000000,0.000000,cpu,0,0
1790531525.264552,50.700000,0.000000,0.000000,cpu,0,0
1790531525.364655,49.600000,0.000000,0.000000,cpu,0,0
1790531525.464754,49.600000,0.000000,0.000000,cpu,0,0
1790531525.564855,50.700000,0.000000,0.000000,cpu,0,0
1790531525.664975,49.600000,0.000000,0.000000,cpu,0,0
1790531525.765098,49.050000,0.000000,0.000000,cpu,0,0
1790531525.865222,49.600000,0.000000,0.000000,cpu,0,0
1790531525.965342,49.600000,0.000000,0.000000,cpu,0,0
1790531526.065452,49.600000,0.000000,0.000000,cpu,0,0
1790531526.165566,49.600000,0.000000,0.000000,cpu,0,0
1790531526.265681,49.050000,0.000000,0.000000,cpu,0,0
1790531526.365784,50.150000,0.000000,0.000000,cpu,0,0
1790531526.465886,50.150000,0.000000,0.000000,cpu,0,0
1790531526.566001,49.050000,0.000000,0.000000,cpu,0,0
1790531526.666123,49.600000,0.000000,0.000000,cpu,0,0
1790531526.766264,49.050000,0.000000,0.000000,cpu,0,0
1790531526.866397,49.600000,0.000000,0.000000,cpu,0,0
1790531526.966518,50.150000,0.000000,0.000000,cpu,0,0
1790531527.066630,49.050000,0.000000,0.000000,cpu,0,0
1790531527.166746,49.600000,0.000000,0.000000,cpu,0,0
1790531527.266861,50.700000,0.000000,0.000000,cpu,0,0
1790531527.366964,49.600000,0.000000,0.000000,cpu,0,0
1790531527.467064,49.050000,0.000000,0.000000,cpu,0,0
1790531527.567178,50.150000,0.000000,0.000000,cpu,0,0
1790531527.667303,48.500000,0.000000,0.000000,cpu,0,0
1790531527.767426,48.500000,0.000000,0.000000,cpu,0,0
1790531527.867606,49.600000,0.000000,0.000000,cpu,0,0
1790531527.967765,50.150000,0.000000,0.000000,cpu,0,0
1790531528.067882,49.600000,0.000000,0.000000,cpu,0,0
1790531528.168002,49.600000,0.000000,0.000000,cpu,0,0
1790531528.268120,49.050000,0.000000,0.000000,cpu,0,0
1790531528.368221,49.600000,0.000000,0.000000,cpu,0,0
1790531528.468322,50.150000,0.000000,0.000000,cpu,0,0
1790531528.568422,49.600000,0.000000,0.000000,cpu,0,0
1790531528.668536,47.950000,0.000000,0.000000,cpu,0,0
1790531528.768659,47.950000,0.000000,0.000000,cpu,0,0
1790531528.868781,49.600000,0.000000,0.000000,cpu,0,0
1790531528.968899,49.050000,0.000000,0.000000,cpu,0,0
1790531529.069009,49.050000,0.000000,0.000000,cpu,0,0
1790531529.169127,49.050000,0.000000,0.000000,cpu,0,0
1790531529.269240,49.050000,0.000000,0.000000,cpu,0,0
1790531529.369344,49.600000,0.000000,0.000000,cpu,0,0
1790531529.469445,50.700000,0.000000,0.000000,cpu,0,0
1790531529.569556,49.600000,0.000000,0.000000,cpu,0,0
1790531529.669680,49.600000,0.000000,0.000000,cpu,0,0
1790531529.769802,50.150000,0.000000,0.000000,cpu,0,0
1790531529.869924,49.600000,0.000000,0.000000,cpu,0,0
1790531529.970042,49.600000,0.000000,0.000000,cpu,0,0
1790531530.070153,49.050000,0.000000,0.000000,cpu,0,0
1790531530.170269,49.600000,0.000000,0.000000,cpu,0,0
1790531530.270382,49.600000,0.000000,0.000000,cpu,0,0
1790531530.370487,49.600000,0.000000,0.000000,cpu,0,0
1790531530.470588,49.050000,0.000000,0.000000,cpu,0,0
1790531530.570701,50.150000,0.000000,0.000000,cpu,0,0
1790531530.670827,49.050000,0.000000,0.000000,cpu,0,0
1790531530.770944,50.150000,0.000000,0.000000,cpu,0,0
1790531530.871065,49.050000,0.000000,0.000000,cpu,0,0
1790531530.971183,50.150000,0.000000,0.000000,cpu,0,0
1790531531.071299,49.600000,0.000000,0.000000,cpu,0,0
1790531531.171412,49.600000,0.000000,0.000000,cpu,0,0
1790531531.271522,50.700000,0.000000,0.000000,cpu,0,0
1790531531.371627,49.050000,0.000000,0.000000,cpu,0,0
1790531531.471728,49.600000,0.000000,0.000000,cpu,0,0
1790531531.571826,49.050000,0.000000,0.000000,cpu,0,0
1790531531.671936,50.150000,0.000000,0.000000,cpu,0,0
1790531531.772054,49.600000,0.000000,0.000000,cpu,0,0
1790531531.872174,49.050000,0.000000,0.000000,cpu,0,0
1790531531.972292,47.950000,0.000000,0.000000,cpu,0,0
1790531532.072401,49.050000,0.000000,0.000000,cpu,0,0
1790531532.172514,49.600000,0.000000,0.000000,cpu,0,0
1790531532.272629,49.050000,0.000000,0.000000,cpu,0,0
1790531532.372733,49.050000,0.000000,0.000000,cpu,0,0
1790531532.472834,50.700000,0.000000,0.000000,cpu,0,0
1790531532.572933,49.050000,0.000000,0.000000,cpu,0,0
1790531532.673049,49.050000,0.000000,0.000000,cpu,0,0
1790531532.773197,49.600000,0.000000,0.000000,cpu,0,0
1790531532.873391,49.600000,0.000000,0.000000,cpu,0,0
1790531532.973541,49.600000,0.000000,0.000000,cpu,0,0
1790531533.073650,49.600000,0.000000,0.000000,cpu,0,0
1790531533.173765,49.600000,0.000000,0.000000,cpu,0,0
1790531533.273887,50.150000,0.000000,0.000000,cpu,0,0
1790531533.373994,49.600000,0.000000,0.000000,cpu,0,0
1790531533.474099,49.600000,0.000000,0.000000,cpu,0,0
1790531533.574197,50.700000,0.000000,0.000000,cpu,0,0
1790531533.674311,49.600000,0.000000,0.000000,cpu,0,0
1790531533.774441,49.600000,0.000000,0.000000,cpu,0,0
1790531533.874564,50.150000,0.000000,0.000000,cpu,0,0
1790531533.974681,49.600000,0.000000,0.000000,cpu,0,0
1790531534.074791,49.050000,0.000000,0.000000,cpu,0,0
1790531534.174902,49.050000,0.000000,0.000000,cpu,0,0
1790531534.275018,50.700000,0.000000,0.000000,cpu,0,0
1790531534.375121,49.600000,0.000000,0.000000,cpu,0,0
1790531534.475223,49.600000,0.000000,0.000000,cpu,0,0
1790531534.575321,49.600000,0.000000,0.000000,cpu,0,0
1790531534.675434,50.150000,0.000000,0.000000,cpu,0,0
1790531534.775555,49.600000,0.000000,0.000000,cpu,0,0
1790531534.875675,50.150000,0.000000,0.000000,cpu,0,0
1790531534.975793,50.150000,0.000000,0.000000,cpu,0,0
1790531535.075907,49.600000,0.000000,0.000000,cpu,0,0
1790531535.176022,50.150000,0.000000,0.000000,cpu,0,0
1790531535.276133,49.600000,0.000000,0.000000,cpu,0,0
1790531535.376236,49.600000,0.000000,0.000000,cpu,0,0
1790531535.476340,49.600000,0.000000,0.000000,cpu,0,0
1790531535.576452,49.600000,0.000000,0.000000,cpu,0,0
1790531535.676571,49.600000,0.000000,0.000000,cpu,0,0
1790531535.776693,49.050000,0.000000,0.000000,cpu,0,0
1790531535.876811,49.600000,0.000000,0.000000,cpu,0,0
1790531535.976931,49.600000,0.000000,0.000000,cpu,0,0
1790531536.077043,49.050000,0.000000,0.000000,cpu,0,0
1790531536.177158,50.150000,0.000000,0.000000,cpu,0,0
1790531536.277272,49.600000,0.000000,0.000000,cpu,0,0
1790531536.377370,49.600000,0.000000,0.000000,cpu,0,0
1790531536.477466,49.050000,0.000000,0.000000,cpu,0,0
1790531536.577573,49.600000,0.000000,0.000000,cpu,0,0
1790531536.677692,49.050000,0.000000,0.000000,cpu,0,0
1790531536.777808,49.600000,0.000000,0.000000,cpu,0,0
1790531536.877923,49.600000,0.000000,0.000000,cpu,0,0
1790531536.978034,49.050000,0.000000,0.000000,cpu,0,0
1790531537.078139,49.050000,0.000000,0.000000,cpu,0,0
1790531537.178247,48.500000,0.000000,0.000000,cpu,0,0
1790531537.278352,48.500000,0.000000,0.000000,cpu,0,0
1790531537.378449,49.050000,0.000000,0.000000,cpu,0,0
1790531537.478545,49.600000,0.000000,0.000000,cpu,0,0
1790531537.578643,49.050000,0.000000,0.000000,cpu,0,0
1790531537.678753,49.600000,0.000000,0.000000,cpu,0,0
1790531537.778867,49.600000,0.000000,0.000000,cpu,0,0
1790531537.879035,49.600000,0.000000,0.000000,cpu,0,0
1790531537.979193,49.050000,0.000000,0.000000,cpu,0,0
1790531538.079310,49.600000,0.000000,0.000000,cpu,0,0
1790531538.179421,50.150000,0.000000,0.000000,cpu,0,0
1790531538.279533,50.700000,0.000000,0.000000,cpu,0,0
1790531538.379642,49.050000,0.000000,0.000000,cpu,0,0
1790531538.479748,49.050000,0.000000,0.000000,cpu,0,0
1790531538.579862,49.050000,0.000000,0.000000,cpu,0,0
1790531538.680001,49.600000,0.000000,0.000000,cpu,0,0
1790531538.780132,49.050000,0.000000,0.000000,cpu,0,0
1790531538.880263,49.050000,0.000000,0.000000,cpu,0,0
1790531538.980386,49.600000,0.000000,0.000000,cpu,0,0
1790531539.080501,49.050000,0.000000,0.000000,cpu,0,0
1790531539.180619,49.600000,0.000000,0.000000,cpu,0,0
1790531539.280732,49.600000,0.000000,0.000000,cpu,0,0
1790531539.380836,49.600000,0.000000,0.000000,cpu,0,0
1790531539.480938,49.050000,0.000000,0.000000,cpu,0,0
1790531539.581060,49.600000,0.000000,0.000000,cpu,0,0
1790531539.681187,51.250000,0.000000,0.000000,cpu,0,0
1790531539.781311,49.050000,0.000000,0.000000,cpu,0,0
1790531539.881433,49.600000,0.000000,0.000000,cpu,0,0
1790531539.981554,49.050000,0.000000,0.000000,cpu,0,0
1790531540.081667,49.600000,0.000000,0.000000,cpu,0,0
1790531540.181781,50.150000,0.000000,0.000000,cpu,0,0
1790531540.281896,49.600000,0.000000,0.000000,cpu,0,0
1790531540.382001,49.600000,0.000000,0.000000,cpu,0,0
1790531540.482103,49.050000,0.000000,0.000000,cpu,0,0
1790531540.582206,49.600000,0.000000,0.000000,cpu,0,0
1790531540.682315,49.600000,0.000000,0.000000,cpu,0,0
1790531540.782437,50.150000,0.000000,0.000000,cpu,0,0
1790531540.882561,49.600000,0.000000,0.000000,cpu,0,0
1790531540.982679,49.600000,0.000000,0.000000,cpu,0,0
1790531541.082792,49.050000,0.000000,0.000000,cpu,0,0
1790531541.182911,49.600000,0.000000,0.000000,cpu,0,0
1790531541.283025,49.600000,0.000000,0.000000,cpu,0,0
1790531541.383129,47.950000,0.000000,0.000000,cpu,0,0
1790531541.483231,49.600000,0.000000,0.000000,cpu,0,0
1790531541.583333,50.700000,0.000000,0.000000,cpu,0,0
1790531541.683452,50.150000,0.000000,0.000000,cpu,0,0
1790531541.783575,49.050000,0.000000,0.000000,cpu,0,0
1790531541.883697,50.700000,0.000000,0.000000,cpu,0,0
1790531541.983815,49.050000,0.000000,0.000000,cpu,0,0
1790531542.083928,50.700000,0.000000,0.000000,cpu,0,0
1790531542.184043,49.600000,0.000000,0.000000,cpu,0,0
1790531542.284158,49.050000,0.000000,0.000000,cpu,0,0
1790531542.384261,50.150000,0.000000,0.000000,cpu,0,0
1790531542.484365,49.050000,0.000000,0.000000,cpu,0,0
1790531542.584464,49.050000,0.000000,0.000000,cpu,0,0
1790531542.684584,49.050000,0.000000,0.000000,cpu,0,0
1790531542.784711,49.600000,0.000000,0.000000,cpu,0,0
1790531542.884891,47.950000,0.000000,0.000000,cpu,0,0
1790531542.985049,49.050000,0.000000,0.000000,cpu,0,0
1790531543.085166,49.050000,0.000000,0.000000,cpu,0,0
1790531543.185285,49.050000,0.000000,0.000000,cpu,0,0
1790531543.285398,49.600000,0.000000,0.000000,cpu,0,0
1790531543.385499,49.600000,0.000000,0.000000,cpu,0,0
1790531543.485607,49.600000,0.000000,0.000000,cpu,0,0
1790531543.585710,49.600000,0.000000,0.000000,cpu,0,0
1790531543.685821,49.600000,0.000000,0.000000,cpu,0,0
1790531543.785945,49.050000,0.000000,0.000000,cpu,0,0
1790531543.886066,49.050000,0.000000,0.000000,cpu,0,0
1790531543.986187,49.600000,0.000000,0.000000,cpu,0,0
1790531544.086298,49.600000,0.000000,0.000000,cpu,0,0
1790531544.186414,49.600000,0.000000,0.000000,cpu,0,0
1790531544.286528,49.050000,0.000000,0.000000,cpu,0,0
1790531544.386631,49.050000,0.000000,0.000000,cpu,0,0
1790531544.486734,49.050000,0.000000,0.000000,cpu,0,0
1790531544.586853,49.050000,0.000000,0.000000,cpu,0,0
1790531544.686985,49.050000,0.000000,0.000000,cpu,0,0
1790531544.787126,49.050000,0.000000,0.000000,cpu,0,0
1790531544.887262,49.050000,0.000000,0.000000,cpu,0,0
1790531544.987385,49.050000,0.000000,0.000000,cpu,0,0
1790531545.087495,49.600000,0.000000,0.000000,cpu,0,0
1790531545.187612,49.050000,0.000000,0.000000,cpu,0,0
1790531545.287724,49.050000,0.000000,0.000000,cpu,0,0
1790531545.387826,49.600000,0.000000,0.000000,cpu,0,0
1790531545.487929,50.150000,0.000000,0.000000,cpu,0,0
1790531545.588043,49.050000,0.000000,0.000000,cpu,0,0
1790531545.688166,49.050000,0.000000,0.000000,cpu,0,0
1790531545.788285,49.050000,0.000000,0.000000,cpu,0,0
1790531545.888405,49.600000,0.000000,0.000000,cpu,0,0
1790531545.988521,49.050000,0.000000,0.000000,cpu,0,0
1790531546.088632,50.700000,0.000000,0.000000,cpu,0,0
1790531546.188748,49.050000,0.000000,0.000000,cpu,0,0
1790531546.288870,49.050000,0.000000,0.000000,cpu,0,0
1790531546.388983,49.050000,0.000000,0.000000,cpu,0,0
1790531546.489084,49.600000,0.000000,0.000000,cpu,0,0
1790531546.589182,50.700000,0.000000,0.000000,cpu,0,0
1790531546.689292,49.600000,0.000000,0.000000,cpu,0,0
1790531546.789411,49.600000,0.000000,0.000000,cpu,0,0
1790531546.889533,50.700000,0.000000,0.000000,cpu,0,0
1790531546.989654,49.600000,0.000000,0.000000,cpu,0,0
1790531547.089764,49.600000,0.000000,0.000000,cpu,0,0
1790531547.189875,47.950000,0.000000,0.000000,cpu,0,0
1790531547.289985,50.700000,0.000000,0.000000,cpu,0,0
1790531547.390085,49.600000,0.000000,0.000000,cpu,0,0
1790531547.490185,48.500000,0.000000,0.000000,cpu,0,0
1790531547.590301,50.150000,0.000000,0.000000,cpu,0,0
1790531547.690427,47.950000,0.000000,0.000000,cpu,0,0
1790531547.790546,49.050000,0.000000,0.000000,cpu,0,0
1790531547.890729,49.600000,0.000000,0.000000,cpu,0,0
1790531547.990890,50.700000,0.000000,0.000000,cpu,0,0
1790531548.091007,49.050000,0.000000,0.000000,cpu,0,0
1790531548.191123,49.050000,0.000000,0.000000,cpu,0,0
1790531548.291237,49.600000,0.000000,0.000000,cpu,0,0
1790531548.391339,49.050000,0.000000,0.000000,cpu,0,0
1790531548.491440,48.500000,0.000000,0.000000,cpu,0,0
1790531548.591559,49.050000,0.000000,0.000000,cpu,0,0
1790531548.691689,49.050000,0.000000,0.000000,cpu,0,0
1790531548.791814,49.600000,0.000000,0.000000,cpu,0,0
1790531548.891936,49.600000,0.000000,0.000000,cpu,0,0
1790531548.992052,49.600000,0.000000,0.000000,cpu,0,0
1790531549.092161,49.600000,0.000000,0.000000,cpu,0,0
1790531549.192276,49.600000,0.000000,0.000000,cpu,0,0
1790531549.292387,49.050000,0.000000,0.000000,cpu,0,0
1790531549.392488,49.050000,0.000000,0.000000,cpu,0,0
1790531549.492588,50.150000,0.000000,0.000000,cpu,0,0
1790531549.592690,49.050000,0.000000,0.000000,cpu,0,0
1790531549.692800,49.600000,0.000000,0.000000,cpu,0,0
1790531549.792915,49.050000,0.000000,0.000000,cpu,0,0
1790531549.893038,49.600000,0.000000,0.000000,cpu,0,0
1790531549.993156,48.500000,0.000000,0.000000,cpu,0,0
1790531550.093265,49.600000,0.000000,0.000000,cpu,0,0
1790531550.193379,49.600000,0.000000,0.000000,cpu,0,0
1790531550.293491,50.150000,0.000000,0.000000,cpu,0,0
1790531550.393595,49.050000,0.000000,0.000000,cpu,0,0
1790531550.493694,49.050000,0.000000,0.000000,cpu,0,0
1790531550.593794,49.050000,0.000000,0.000000,cpu,0,0
1790531550.693911,49.600000,0.000000,0.000000,cpu,0,0
1790531550.794055,49.600000,0.000000,0.000000,cpu,0,0
1790531550.894187,49.600000,0.000000,0.000000,cpu,0,0
1790531550.994306,49.050000,0.000000,0.000000,cpu,0,0
1790531551.094416,49.600000,0.000000,0.000000,cpu,0,0
1790531551.194535,50.150000,0.000000,0.000000,cpu,0,0
1790531551.294649,49.600000,0.000000,0.000000,cpu,0,0
1790531551.394752,49.600000,0.000000,0.000000,cpu,0,0
1790531551.494852,49.050000,0.000000,0.000000,cpu,0,0
1790531551.594953,49.600000,0.000000,0.000000,cpu,0,0
1790531551.695072,49.600000,0.000000,0.000000,cpu,0,0
1790531551.795205,49.050000,0.000000,0.000000,cpu,0,0
1790531551.895327,49.050000,0.000000,0.000000,cpu,0,0
1790531551.995435,49.600000,0.000000,0.000000,cpu,0,0
1790531552.095542,49.600000,0.000000,0.000000,cpu,0,0
1790531552.195657,49.600000,0.000000,0.000000,cpu,0,0
1790531552.295771,49.050000,0.000000,0.000000,cpu,0,0
1790531552.395874,49.600000,0.000000,0.000000,cpu,0,0
1790531552.495975,49.600000,0.000000,0.000000,cpu,0,0
1790531552.596075,49.600000,0.000000,0.000000,cpu,0,0
1790531552.696187,49.050000,0.000000,0.000000,cpu,0,0
1790531552.796315,50.150000,0.000000,0.000000,cpu,0,0
1790531552.896504,49.600000,0.000000,0.000000,cpu,0,0
1790531552.996661,49.600000,0.000000,0.000000,cpu,0,0
1790531553.096773,49.600000,0.000000,0.000000,cpu,0,0
1790531553.196887,49.050000,0.000000,0.000000,cpu,0,0
1790531553.296998,49.050000,0.000000,0.000000,cpu,0,0
1790531553.397100,49.600000,0.000000,0.000000,cpu,0,0
1790531553.497201,49.050000,0.000000,0.000000,cpu,0,0
1790531553.597315,49.600000,0.000000,0.000000,cpu,0,0
1790531553.697442,49.600000,0.000000,0.000000,cpu,0,0
1790531553.797578,49.600000,0.000000,0.000000,cpu,0,0
1790531553.897707,50.150000,0.000000,0.000000,cpu,0,0
1790531553.997820,49.600000,0.000000,0.000000,cpu,0,0
1790531554.097929,49.600000,0.000000,0.000000,cpu,0,0
1790531554.198044,49.050000,0.000000,0.000000,cpu,0,0
1790531554.298152,49.050000,0.000000,0.000000,cpu,0,0
1790531554.398257,49.600000,0.000000,0.000000,cpu,0,0
1790531554.498358,49.600000,0.000000,0.000000,cpu,0,0
1790531554.598472,49.600000,0.000000,0.000000,cpu,0,0
1790531554.698595,49.600000,0.000000,0.000000,cpu,0,0
1790531554.798723,49.050000,0.000000,0.000000,cpu,0,0
1790531554.898841,50.700000,0.000000,0.000000,cpu,0,0
1790531554.998952,49.600000,0.000000,0.000000,cpu,0,0
1790531555.099057,49.600000,0.000000,0.000000,cpu,0,0
1790531555.199172,49.050000,0.000000,0.000000,cpu,0,0
1790531555.299283,49.050000,0.000000,0.000000,cpu,0,0
1790531555.399385,49.600000,0.000000,0.000000,cpu,0,0
1790531555.499487,49.600000,0.000000,0.000000,cpu,0,0
1790531555.599587,49.050000,0.000000,0.000000,cpu,0,0
1790531555.699697,50.150000,0.000000,0.000000,cpu,0,0
1790531555.799823,49.600000,0.000000,0.000000,cpu,0,0
1790531555.899942,50.700000,0.000000,0.000000,cpu,0,0
1790531556.000054,49.050000,0.000000,0.000000,cpu,0,0
1790531556.100162,49.600000,0.000000,0.000000,cpu,0,0
1790531556.200273,49.600000,0.000000,0.000000,cpu,0,0
1790531556.300385,49.050000,0.000000,0.000000,cpu,0,0
1790531556.400489,48.500000,0.000000,0.000000,cpu,0,0
1790531556.500590,49.600000,0.000000,0.000000,cpu,0,0
1790531556.600703,50.700000,0.000000,0.000000,cpu,0,0
1790531556.700823,49.600000,0.000000,0.000000,cpu,0,0
1790531556.800987,49.600000,0.000000,0.000000,cpu,0,0
1790531556.901123,48.500000,0.000000,0.000000,cpu,0,0
1790531557.001240,49.050000,0.000000,0.000000,cpu,0,0
1790531557.101350,49.600000,0.000000,0.000000,cpu,0,0
1790531557.201463,49.600000,0.000000,0.000000,cpu,0,0
1790531557.301574,49.050000,0.000000,0.000000,cpu,0,0
1790531557.401677,49.050000,0.000000,0.000000,cpu,0,0
1790531557.501780,49.600000,0.000000,0.000000,cpu,0,0
1790531557.601895,49.050000,0.000000,0.000000,cpu,0,0
1790531557.702018,49.050000,0.000000,0.000000,cpu,0,0
1790531557.802150,49.600000,0.000000,0.000000,cpu,0,0
1790531557.902339,49.600000,0.000000,0.000000,cpu,0,0
1790531558.002494,49.600000,0.000000,0.000000,cpu,0,0
1790531558.102607,49.600000,0.000000,0.000000,cpu,0,0
1790531558.202708,49.600000,0.000000,0.000000,cpu,0,0
1790531558.302810,49.600000,0.000000,0.000000,cpu,0,0
1790531558.402912,49.600000,0.000000,0.000000,cpu,0,0
1790531558.503013,49.050000,0.000000,0.000000,cpu,0,0
1790531558.603113,49.600000,0.000000,0.000000,cpu,0,0
1790531558.703212,49.050000,0.000000,0.000000,cpu,0,0
1790531558.803331,49.050000,0.000000,0.000000,cpu,0,0
1790531558.903444,49.050000,0.000000,0.000000,cpu,0,0
1790531559.003551,49.600000,0.000000,0.000000,cpu,0,0
1790531559.103662,49.600000,0.000000,0.000000,cpu,0,0
1790531559.203765,49.600000,0.000000,0.000000,cpu,0,0
1790531559.303866,49.050000,0.000000,0.000000,cpu,0,0
1790531559.403966,49.050000,0.000000,0.000000,cpu,0,0
1790531559.504066,49.600000,0.000000,0.000000,cpu,0,0
1790531559.604184,49.050000,0.000000,0.000000,cpu,0,0
1790531559.704301,49.600000,0.000000,0.000000,cpu,0,0
1790531559.804412,49.600000,0.000000,0.000000,cpu,0,0
1790531559.904519,49.600000,0.000000,0.000000,cpu,0,0
1790531560.004631,49.050000,0.000000,0.000000,cpu,0,0
1790531560.104736,49.050000,0.000000,0.000000,cpu,0,0
1790531560.204839,49.050000,0.000000,0.000000,cpu,0,0
1790531560.304941,47.950000,0.000000,0.000000,cpu,0,0
1790531560.405051,49.050000,0.000000,0.000000,cpu,0,0
1790531560.505151,49.050000,0.000000,0.000000,cpu,0,0
1790531560.605268,49.600000,0.000000,0.000000,cpu,0,0
1790531560.705386,49.050000,0.000000,0.000000,cpu,0,0
1790531560.805509,49.600000,0.000000,0.000000,cpu,0,0
1790531560.905633,49.600000,0.000000,0.000000,cpu,0,0
1790531561.005743,49.600000,0.000000,0.000000,cpu,0,0
1790531561.105850,50.700000,0.000000,0.000000,cpu,0,0
1790531561.205954,49.050000,0.000000,0.000000,cpu,0,0
1790531561.306052,49.050000,0.000000,0.000000,cpu,0,0
1790531561.406154,49.050000,0.000000,0.000000,cpu,0,0
1790531561.506259,49.600000,0.000000,0.000000,cpu,0,0
1790531561.606359,49.050000,0.000000,0.000000,cpu,0,0
1790531561.706463,49.600000,0.000000,0.000000,cpu,0,0
1790531561.806584,49.600000,0.000000,0.000000,cpu,0,0
1790531561.906705,49.050000,0.000000,0.000000,cpu,0,0
1790531562.006819,49.600000,0.000000,0.000000,cpu,0,0
1790531562.106925,49.600000,0.000000,0.000000,cpu,0,0
1790531562.207029,49.050000,0.000000,0.000000,cpu,0,0
1790531562.307130,50.700000,0.000000,0.000000,cpu,0,0
1790531562.407232,49.050000,0.000000,0.000000,cpu,0,0
1790531562.507332,49.050000,0.000000,0.000000,cpu,0,0
1790531562.607448,49.600000,0.000000,0.000000,cpu,0,0
1790531562.707567,49.600000,0.000000,0.000000,cpu,0,0
1790531562.807682,49.600000,0.000000,0.000000,cpu,0,0
1790531562.907857,49.600000,0.000000,0.000000,cpu,0,0
1790531563.008009,49.600000,0.000000,0.000000,cpu,0,0
1790531563.108123,50.700000,0.000000,0.000000,cpu,0,0
1790531563.208226,49.600000,0.000000,0.000000,cpu,0,0
1790531563.308327,49.600000,0.000000,0.000000,cpu,0,0
1790531563.408426,49.050000,0.000000,0.000000,cpu,0,0
1790531563.508528,49.600000,0.000000,0.000000,cpu,0,0
1790531563.608642,50.150000,0.000000,0.000000,cpu,0,0
1790531563.708759,49.050000,0.000000,0.000000,cpu,0,0
1790531563.808870,49.050000,0.000000,0.000000,cpu,0,0
1790531563.908989,49.050000,0.000000,0.000000,cpu,0,0
1790531564.009105,49.050000,0.000000,0.000000,cpu,0,0
1790531564.109215,49.600000,0.000000,0.000000,cpu,0,0
1790531564.209321,48.500000,0.000000,0.000000,cpu,0,0
1790531564.309423,49.050000,0.000000,0.000000,cpu,0,0
1790531564.409523,48.500000,0.000000,0.000000,cpu,0,0
1790531564.509626,49.050000,0.000000,0.000000,cpu,0,0
1790531564.609727,49.600000,0.000000,0.000000,cpu,0,0
1790531564.709832,49.050000,0.000000,0.000000,cpu,0,0
1790531564.809942,49.600000,0.000000,0.000000,cpu,0,0
1790531564.910050,49.050000,0.000000,0.000000,cpu,0,0
1790531565.010162,49.600000,0.000000,0.000000,cpu,0,0
1790531565.110273,49.600000,0.000000,0.000000,cpu,0,0
1790531565.210377,49.600000,0.000000,0.000000,cpu,0,0
1790531565.310478,49.050000,0.000000,0.000000,cpu,0,0
1790531565.410578,49.600000,0.000000,0.000000,cpu,0,0
1790531565.510680,49.600000,0.000000,0.000000,cpu,0,0
1790531565.610795,49.050000,0.000000,0.000000,cpu,0,0
1790531565.710909,50.150000,0.000000,0.000000,cpu,0,0
1790531565.811025,49.050000,0.000000,0.000000,cpu,0,0
1790531565.911134,49.050000,0.000000,0.000000,cpu,0,0
1790531566.011250,49.050000,0.000000,0.000000,cpu,0,0
1790531566.111364,49.050000,0.000000,0.000000,cpu,0,0
1790531566.211470,49.050000,0.000000,0.000000,cpu,0,0
1790531566.311573,49.050000,0.000000,0.000000,cpu,0,0
1790531566.411674,49.050000,0.000000,0.000000,cpu,0,0
1790531566.511776,49.050000,0.000000,0.000000,cpu,0,0
1790531566.611890,49.600000,0.000000,0.000000,cpu,0,0
1790531566.712007,49.600000,0.000000,0.000000,cpu,0,0
1790531566.812121,49.050000,0.000000,0.000000,cpu,0,0
1790531566.912232,49.050000,0.000000,0.000000,cpu,0,0
1790531567.012341,49.050000,0.000000,0.000000,cpu,0,0
1790531567.112449,49.050000,0.000000,0.000000,cpu,0,0
1790531567.212554,50.700000,0.000000,0.000000,cpu,0,0
1790531567.312654,49.050000,0.000000,0.000000,cpu,0,0
1790531567.412754,48.500000,0.000000,0.000000,cpu,0,0
1790531567.512852,49.050000,0.000000,0.000000,cpu,0,0
1790531567.612951,49.050000,0.000000,0.000000,cpu,0,0
1790531567.713062,49.050000,0.000000,0.000000,cpu,0,0
1790531682.769223,48.500000,0.000000,0.000000,cpu,0,0
1790531682.869468,49.600000,0.000000,0.000000,cpu,0,0
1790531682.969638,49.050000,0.000000,0.000000,cpu,0,0
1790531683.069753,50.150000,0.000000,0.000000,cpu,0,0
1790531683.169860,49.050000,0.000000,0.000000,cpu,0,0
1790531683.269974,49.050000,0.000000,0.000000,cpu,0,0
1790531683.370116,50.700000,0.000000,0.000000,cpu,0,0
1790531683.470249,49.600000,0.000000,0.000000,cpu,0,0
1790531683.570354,48.500000,0.000000,0.000000,cpu,0,0
1790531683.670480,47.950000,0.000000,0.000000,cpu,0,0
1790531683.770606,48.500000,0.000000,0.000000,cpu,0,0
1790531683.870735,49.050000,0.000000,0.000000,cpu,0,0
1790531683.970875,47.950000,0.000000,0.000000,cpu,0,0
1790531684.070982,49.050000,0.000000,0.000000,cpu,0,0
1790531684.171084,49.050000,0.000000,0.000000,cpu,0,0
1790531684.271196,47.950000,0.000000,0.000000,cpu,0,0
1790531684.371310,48.500000,0.000000,0.000000,cpu,0,0
1790531684.471420,49.050000,0.000000,0.000000,cpu,0,0
1790531684.571523,49.600000,0.000000,0.000000,cpu,0,0
1790531684.671623,49.050000,0.000000,0.000000,cpu,0,0
1790531684.771736,50.150000,0.000000,0.000000,cpu,0,0
1790531684.871869,49.050000,0.000000,0.000000,cpu,0,0
1790531684.971993,49.050000,0.000000,0.000000,cpu,0,0
1790531685.072100,47.950000,0.000000,0.000000,cpu,0,0
1790531685.172201,49.050000,0.000000,0.000000,cpu,0,0
1790531685.272307,49.050000,0.000000,0.000000,cpu,0,0
1790531685.372422,49.050000,0.000000,0.000000,cpu,0,0
1790531685.472534,49.600000,0.000000,0.000000,cpu,0,0
1790531685.572638,49.600000,0.000000,0.000000,cpu,0,0
1790531685.672755,48.500000,0.000000,0.000000,cpu,0,0
1790531685.772876,48.500000,0.000000,0.000000,cpu,0,0
1790531685.873006,49.050000,0.000000,0.000000,cpu,0,0
1790531685.973127,49.050000,0.000000,0.000000,cpu,0,0
1790531686.073232,49.050000,0.000000,0.000000,cpu,0,0
1790531686.173335,49.600000,0.000000,0.000000,cpu,0,0
1790531686.273444,49.600000,0.000000,0.000000,cpu,0,0
1790531686.373560,48.500000,0.000000,0.000000,cpu,0,0
1790531686.473671,49.050000,0.000000,0.000000,cpu,0,0
1790531686.573775,49.050000,0.000000,0.000000,cpu,0,0
1790531686.673891,49.050000,0.000000,0.000000,cpu,0,0
1790531686.774015,47.400000,0.000000,0.000000,cpu,0,0
1790531686.874145,48.500000,0.000000,0.000000,cpu,0,0
1790531686.974268,49.050000,0.000000,0.000000,cpu,0,0
1790531687.074374,47.950000,0.000000,0.000000,cpu,0,0
1790531687.174477,49.600000,0.000000,0.000000,cpu,0,0
1790531687.274583,49.050000,0.000000,0.000000,cpu,0,0
1790531687.374699,49.600000,0.000000,0.000000,cpu,0,0
1790531687.474809,48.500000,0.000000,0.000000,cpu,0,0
1790531687.574911,49.050000,0.000000,0.000000,cpu,0,0
1790531687.675013,47.950000,0.000000,0.000000,cpu,0,0
1790531687.775121,49.050000,0.000000,0.000000,cpu,0,0
1790531687.875295,47.950000,0.000000,0.000000,cpu,0,0
1790531687.975447,49.050000,0.000000,0.000000,cpu,0,0
1790531688.075562,49.600000,0.000000,0.000000,cpu,0,0
1790531688.175671,49.050000,0.000000,0.000000,cpu,0,0
1790531688.275780,48.500000,0.000000,0.000000,cpu,0,0
1790531688.375900,49.050000,0.000000,0.000000,cpu,0,0
1790531688.476007,49.050000,0.000000,0.000000,cpu,0,0
1790531688.576113,48.500000,0.000000,0.000000,cpu,0,0
1790531688.676229,48.500000,0.000000,0.000000,cpu,0,0
1790531688.776376,49.050000,0.000000,0.000000,cpu,0,0
1790531688.876526,48.500000,0.000000,0.000000,cpu,0,0
1790531688.976649,48.500000,0.000000,0.000000,cpu,0,0
1790531689.076753,49.050000,0.000000,0.000000,cpu,0,0
1790531689.176860,49.050000,0.000000,0.000000,cpu,0,0
1790531689.276974,47.400000,0.000000,0.000000,cpu,0,0
1790531689.377090,49.600000,0.000000,0.000000,cpu,0,0
1790531689.477202,48.500000,0.000000,0.000000,cpu,0,0
1790531689.577306,48.500000,0.000000,0.000000,cpu,0,0
1790531689.677420,49.050000,0.000000,0.000000,cpu,0,0
1790531689.777542,50.150000,0.000000,0.000000,cpu,0,0
1790531689.877669,49.050000,0.000000,0.000000,cpu,0,0
1790531689.977783,49.050000,0.000000,0.000000,cpu,0,0
1790531690.077886,49.050000,0.000000,0.000000,cpu,0,0
1790531690.177990,48.500000,0.000000,0.000000,cpu,0,0
1790531690.278101,49.050000,0.000000,0.000000,cpu,0,0
1790531690.378216,49.050000,0.000000,0.000000,cpu,0,0
1790531690.478328,49.050000,0.000000,0.000000,cpu,0,0
1790531690.578432,49.050000,0.000000,0.000000,cpu,0,0
1790531690.678534,49.050000,0.000000,0.000000,cpu,0,0
1790531690.778643,49.600000,0.000000,0.000000,cpu,0,0
1790531690.878771,49.600000,0.000000,0.000000,cpu,0,0
1790531690.978890,49.050000,0.000000,0.000000,cpu,0,0
1790531691.078993,49.050000,0.000000,0.000000,cpu,0,0
1790531691.179094,49.600000,0.000000,0.000000,cpu,0,0
1790531691.279203,49.050000,0.000000,0.000000,cpu,0,0
1790531691.379313,49.050000,0.000000,0.000000,cpu,0,0
1790531691.479424,49.050000,0.000000,0.000000,cpu,0,0
1790531691.579529,49.600000,0.000000,0.000000,cpu,0,0
1790531691.679646,48.500000,0.000000,0.000000,cpu,0,0
1790531691.779767,49.050000,0.000000,0.000000,cpu,0,0
1790531691.879895,49.600000,0.000000,0.000000,cpu,0,0
1790531691.980016,49.600000,0.000000,0.000000,cpu,0,0
1790531692.080121,48.500000,0.000000,0.000000,cpu,0,0
1790531692.180221,49.050000,0.000000,0.000000,cpu,0,0
1790531692.280334,48.500000,0.000000,0.000000,cpu,0,0
1790531692.380446,48.500000,0.000000,0.000000,cpu,0,0
1790531692.480552,47.950000,0.000000,0.000000,cpu,0,0
1790531692.580652,50.700000,0.000000,0.000000,cpu,0,0
1790531692.680773,49.050000,0.000000,0.000000,cpu,0,0
1790531692.780899,50.150000,0.000000,0.000000,cpu,0,0
1790531692.881045,49.050000,0.000000,0.000000,cpu,0,0
1790531692.981187,49.050000,0.000000,0.000000,cpu,0,0
1790531693.081295,50.700000,0.000000,0.000000,cpu,0,0
1790531693.181399,48.500000,0.000000,0.000000,cpu,0,0
1790531693.281506,50.150000,0.000000,0.000000,cpu,0,0
1790531693.381616,50.150000,0.000000,0.000000,cpu,0,0
1790531693.481714,49.600000,0.000000,0.000000,cpu,0,0
1790531693.581815,49.050000,0.000000,0.000000,cpu,0,0
1790531693.681918,48.500000,0.000000,0.000000,cpu,0,0
1790531693.782021,48.500000,0.000000,0.000000,cpu,0,0
1790531693.882137,49.600000,0.000000,0.000000,cpu,0,0
1790531693.982242,50.150000,0.000000,0.000000,cpu,0,0
1790531694.082342,49.050000,0.000000,0.000000,cpu,0,0
1790531694.182440,49.050000,0.000000,0.000000,cpu,0,0
1790531694.282545,48.500000,0.000000,0.000000,cpu,0,0
1790531694.382654,49.600000,0.000000,0.000000,cpu,0,0
1790531694.482754,49.050000,0.000000,0.000000,cpu,0,0
1790531694.582857,49.050000,0.000000,0.000000,cpu,0,0
1790531694.682974,47.950000,0.000000,0.000000,cpu,0,0
1790531694.783096,49.050000,0.000000,0.000000,cpu,0,0
1790531694.883220,49.600000,0.000000,0.000000,cpu,0,0
1790531694.983331,49.050000,0.000000,0.000000,cpu,0,0
1790531695.083434,48.500000,0.000000,0.000000,cpu,0,0
1790531695.183538,49.600000,0.000000,0.000000,cpu,0,0
1790531695.283644,48.500000,0.000000,0.000000,cpu,0,0
1790531695.383750,49.050000,0.000000,0.000000,cpu,0,0
1790531695.483853,48.500000,0.000000,0.000000,cpu,0,0
1790531695.583958,47.400000,0.000000,0.000000,cpu,0,0
1790531695.684072,50.150000,0.000000,0.000000,cpu,0,0
1790531695.784195,49.050000,0.000000,0.000000,cpu,0,0
1790531695.884318,48.500000,0.000000,0.000000,cpu,0,0
1790531695.984431,49.050000,0.000000,0.000000,cpu,0,0
1790531696.084532,49.050000,0.000000,0.000000,cpu,0,0
1790531696.184636,50.700000,0.000000,0.000000,cpu,0,0
1790531696.284749,48.500000,0.000000,0.000000,cpu,0,0
1790531696.384863,49.050000,0.000000,0.000000,cpu,0,0
1790531696.484974,48.500000,0.000000,0.000000,cpu,0,0
1790531696.585076,49.600000,0.000000,0.000000,cpu,0,0
1790531696.685176,50.150000,0.000000,0.000000,cpu,0,0
1790531696.785290,49.050000,0.000000,0.000000,cpu,0,0
1790531696.885413,49.050000,0.000000,0.000000,cpu,0,0
1790531696.985520,49.050000,0.000000,0.000000,cpu,0,0
1790531697.085623,49.600000,0.000000,0.000000,cpu,0,0
1790531697.185724,49.050000,0.000000,0.000000,cpu,0,0
1790531697.285833,48.500000,0.000000,0.000000,cpu,0,0
1790531697.385950,48.500000,0.000000,0.000000,cpu,0,0
1790531697.486059,49.600000,0.000000,0.000000,cpu,0,0
1790531697.586164,48.500000,0.000000,0.000000,cpu,0,0
1790531697.686276,49.600000,0.000000,0.000000,cpu,0,0
1790531697.786399,49.050000,0.000000,0.000000,cpu,0,0
1790531697.886567,49.600000,0.000000,0.000000,cpu,0,0
1790531697.986708,49.050000,0.000000,0.000000,cpu,0,0
1790531698.086818,49.050000,0.000000,0.000000,cpu,0,0
1790531698.186932,50.150000,0.000000,0.000000,cpu,0,0
1790531698.287048,49.050000,0.000000,0.000000,cpu,0,0
1790531698.387163,49.600000,0.000000,0.000000,cpu,0,0
1790531698.487271,47.950000,0.000000,0.000000,cpu,0,0
1790531698.587372,48.500000,0.000000,0.000000,cpu,0,0
1790531698.687488,49.600000,0.000000,0.000000,cpu,0,0
1790531698.787616,50.700000,0.000000,0.000000,cpu,0,0
1790531698.887744,49.050000,0.000000,0.000000,cpu,0,0
1790531698.987864,49.050000,0.000000,0.000000,cpu,0,0
1790531699.087971,49.050000,0.000000,0.000000,cpu,0,0
1790531699.188080,49.050000,0.000000,0.000000,cpu,0,0
1790531699.288186,50.150000,0.000000,0.000000,cpu,0,0
1790531699.388299,49.600000,0.000000,0.000000,cpu,0,0
1790531699.488406,49.050000,0.000000,0.000000,cpu,0,0
1790531699.588508,48.500000,0.000000,0.000000,cpu,0,0
1790531699.688612,47.950000,0.000000,0.000000,cpu,0,0
1790531699.788721,49.600000,0.000000,0.000000,cpu,0,0
1790531699.888842,50.150000,0.000000,0.000000,cpu,0,0
1790531699.988959,47.400000,0.000000,0.000000,cpu,0,0
1790531700.089071,49.050000,0.000000,0.000000,cpu,0,0
1790531700.189176,49.050000,0.000000,0.000000,cpu,0,0
1790531700.289280,49.050000,0.000000,0.000000,cpu,0,0
1790531700.389391,49.050000,0.000000,0.000000,cpu,0,0
1790531700.489498,48.500000,0.000000,0.000000,cpu,0,0
1790531700.589597,49.050000,0.000000,0.000000,cpu,0,0
1790531700.689728,49.600000,0.000000,0.000000,cpu,0,0
1790531700.789886,49.050000,0.000000,0.000000,cpu,0,0
1790531700.890033,49.050000,0.000000,0.000000,cpu,0,0
1790531700.990151,48.500000,0.000000,0.000000,cpu,0,0
1790531701.090253,48.500000,0.000000,0.000000,cpu,0,0
1790531701.190352,48.500000,0.000000,0.000000,cpu,0,0
1790531701.290454,49.050000,0.000000,0.000000,cpu,0,0
1790531701.390566,49.050000,0.000000,0.000000,cpu,0,0
1790531701.490678,49.600000,0.000000,0.000000,cpu,0,0
1790531701.590788,48.500000,0.000000,0.000000,cpu,0,0
1790531701.690916,49.600000,0.000000,0.000000,cpu,0,0
1790531701.791039,49.050000,0.000000,0.000000,cpu,0,0
1790531701.891168,49.050000,0.000000,0.000000,cpu,0,0
1790531701.991286,48.500000,0.000000,0.000000,cpu,0,0
1790531702.091391,49.050000,0.000000,0.000000,cpu,0,0
1790531702.191495,49.050000,0.000000,0.000000,cpu,0,0
1790531702.291606,49.050000,0.000000,0.000000,cpu,0,0
1790531702.391719,50.150000,0.000000,0.000000,cpu,0,0
1790531702.491829,49.050000,0.000000,0.000000,cpu,0,0
1790531702.591931,49.050000,0.000000,0.000000,cpu,0,0
1790531702.692037,49.600000,0.000000,0.000000,cpu,0,0
1790531702.792146,49.600000,0.000000,0.000000,cpu,0,0
1790531702.892304,49.050000,0.000000,0.000000,cpu,0,0
1790531702.992445,49.050000,0.000000,0.000000,cpu,0,0
1790531703.092554,48.500000,0.000000,0.000000,cpu,0,0
1790531703.192662,49.050000,0.000000,0.000000,cpu,0,0
1790531703.292776,49.050000,0.000000,0.000000,cpu,0,0
1790531703.392889,49.050000,0.000000,0.000000,cpu,0,0
1790531703.492998,49.050000,0.000000,0.000000,cpu,0,0
1790531703.593098,48.500000,0.000000,0.000000,cpu,0,0
1790531703.693218,49.050000,0.000000,0.000000,cpu,0,0
1790531703.793336,49.050000,0.000000,0.000000,cpu,0,0
1790531703.893454,48.500000,0.000000,0.000000,cpu,0,0
1790531703.993565,49.050000,0.000000,0.000000,cpu,0,0
1790531704.093665,49.050000,0.000000,0.000000,cpu,0,0
1790531704.193765,49.050000,0.000000,0.000000,cpu,0,0
1790531704.293866,49.050000,0.000000,0.000000,cpu,0,0
1790531704.393982,49.050000,0.000000,0.000000,cpu,0,0
1790531704.494090,49.050000,0.000000,0.000000,cpu,0,0
1790531704.594190,49.600000,0.000000,0.000000,cpu,0,0
1790531704.694306,48.500000,0.000000,0.000000,cpu,0,0
1790531704.794431,49.050000,0.000000,0.000000,cpu,0,0
1790531704.894556,49.050000,0.000000,0.000000,cpu,0,0
1790531704.994674,49.050000,0.000000,0.000000,cpu,0,0
1790531705.094778,49.050000,0.000000,0.000000,cpu,0,0
1790531705.194880,49.600000,0.000000,0.000000,cpu,0,0
1790531705.294987,49.050000,0.000000,0.000000,cpu,0,0
1790531705.395103,49.050000,0.000000,0.000000,cpu,0,0
1790531705.495208,49.050000,0.000000,0.000000,cpu,0,0
1790531705.595307,49.600000,0.000000,0.000000,cpu,0,0
1790531705.695406,49.050000,0.000000,0.000000,cpu,0,0
1790531705.795515,47.950000,0.000000,0.000000,cpu,0,0
1790531705.895637,49.600000,0.000000,0.000000,cpu,0,0
1790531705.995755,49.050000,0.000000,0.000000,cpu,0,0
1790531706.095856,49.600000,0.000000,0.000000,cpu,0,0
1790531706.195961,49.050000,0.000000,0.000000,cpu,0,0
1790531706.296071,49.050000,0.000000,0.000000,cpu,0,0
1790531706.396185,50.150000,0.000000,0.000000,cpu,0,0
1790531706.496291,49.050000,0.000000,0.000000,cpu,0,0
1790531706.596402,49.050000,0.000000,0.000000,cpu,0,0
1790531706.696513,47.950000,0.000000,0.000000,cpu,0,0
1790531706.796653,49.050000,0.000000,0.000000,cpu,0,0
1790531706.896798,49.050000,0.000000,0.000000,cpu,0,0
1790531706.996922,48.500000,0.000000,0.000000,cpu,0,0
1790531707.097026,49.050000,0.000000,0.000000,cpu,0,0
1790531707.197131,48.500000,0.000000,0.000000,cpu,0,0
1790531707.297238,48.500000,0.000000,0.000000,cpu,0,0
1790531707.397353,49.600000,0.000000,0.000000,cpu,0,0
1790531707.497463,49.050000,0.000000,0.000000,cpu,0,0
1790531707.597565,48.500000,0.000000,0.000000,cpu,0,0
1790531707.697666,49.050000,0.000000,0.000000,cpu,0,0
1790531707.797771,47.950000,0.000000,0.000000,cpu,0,0
1790531707.897930,48.500000,0.000000,0.000000,cpu,0,0
1790531707.998073,49.050000,0.000000,0.000000,cpu,0,0
1790531708.098182,49.050000,0.000000,0.000000,cpu,0,0
1790531708.198288,47.950000,0.000000,0.000000,cpu,0,0
1790531708.298406,49.050000,0.000000,0.000000,cpu,0,0
1790531708.398527,49.050000,0.000000,0.000000,cpu,0,0
1790531708.498641,49.050000,0.000000,0.000000,cpu,0,0
1790531708.598742,49.050000,0.000000,0.000000,cpu,0,0
1790531708.698842,49.050000,0.000000,0.000000,cpu,0,0
1790531708.798958,49.050000,0.000000,0.000000,cpu,0,0
1790531708.899091,48.500000,0.000000,0.000000,cpu,0,0
1790531708.999206,48.500000,0.000000,0.000000,cpu,0,0
1790531709.099311,49.050000,0.000000,0.000000,cpu,0,0
1790531709.199414,49.600000,0.000000,0.000000,cpu,0,0
1790531709.299522,48.500000,0.000000,0.000000,cpu,0,0
1790531709.399637,49.050000,0.000000,0.000000,cpu,0,0
1790531709.499748,47.400000,0.000000,0.000000,cpu,0,0
1790531709.599849,48.500000,0.000000,0.000000,cpu,0,0
1790531709.699965,49.600000,0.000000,0.000000,cpu,0,0
1790531709.800081,48.500000,0.000000,0.000000,cpu,0,0
1790531709.900206,48.500000,0.000000,0.000000,cpu,0,0
1790531710.000323,49.050000,0.000000,0.000000,cpu,0,0
1790531710.100427,50.700000,0.000000,0.000000,cpu,0,0
1790531710.200528,49.050000,0.000000,0.000000,cpu,0,0
1790531710.300636,49.600000,0.000000,0.000000,cpu,0,0
1790531710.400752,49.050000,0.000000,0.000000,cpu,0,0
1790531710.500862,49.050000,0.000000,0.000000,cpu,0,0
1790531710.600971,49.600000,0.000000,0.000000,cpu,0,0
1790531710.701077,49.050000,0.000000,0.000000,cpu,0,0
1790531710.801183,46.850000,0.000000,0.000000,cpu,0,0
1790531710.901303,49.600000,0.000000,0.000000,cpu,0,0
1790531711.001415,49.050000,0.000000,0.000000,cpu,0,0
1790531711.101515,49.050000,0.000000,0.000000,cpu,0,0
1790531711.201613,49.050000,0.000000,0.000000,cpu,0,0
1790531711.301715,49.050000,0.000000,0.000000,cpu,0,0
1790531711.401824,49.050000,0.000000,0.000000,cpu,0,0
1790531711.501929,49.050000,0.000000,0.000000,cpu,0,0
1790531711.602029,48.500000,0.000000,0.000000,cpu,0,0
1790531711.702135,48.500000,0.000000,0.000000,cpu,0,0
1790531711.802239,49.600000,0.000000,0.000000,cpu,0,0
1790531711.902365,49.600000,0.000000,0.000000,cpu,0,0
1790531712.002485,49.050000,0.000000,0.000000,cpu,0,0
1790531712.102589,48.500000,0.000000,0.000000,cpu,0,0
1790531712.202690,47.950000,0.000000,0.000000,cpu,0,0
1790531712.302800,50.150000,0.000000,0.000000,cpu,0,0
1790531712.402916,49.050000,0.000000,0.000000,cpu,0,0
1790531712.503026,49.050000,0.000000,0.000000,cpu,0,0
1790531712.603127,49.050000,0.000000,0.000000,cpu,0,0
1790531712.703243,49.050000,0.000000,0.000000,cpu,0,0
1790531712.803380,50.150000,0.000000,0.000000,cpu,0,0
1790531712.903554,49.050000,0.000000,0.000000,cpu,0,0
1790531713.003696,49.050000,0.000000,0.000000,cpu,0,0
1790531713.103804,50.150000,0.000000,0.000000,cpu,0,0
1790531713.203910,49.050000,0.000000,0.000000,cpu,0,0
1790531713.304022,49.050000,0.000000,0.000000,cpu,0,0
1790531713.404142,49.050000,0.000000,0.000000,cpu,0,0
1790531713.504258,48.500000,0.000000,0.000000,cpu,0,0
1790531713.604365,49.050000,0.000000,0.000000,cpu,0,0
1790531713.704473,49.050000,0.000000,0.000000,cpu,0,0
1790531713.804579,48.500000,0.000000,0.000000,cpu,0,0
1790531713.904706,49.050000,0.000000,0.000000,cpu,0,0
1790531714.004826,48.500000,0.000000,0.000000,cpu,0,0
1790531714.104928,49.050000,0.000000,0.000000,cpu,0,0
1790531714.205033,49.600000,0.000000,0.000000,cpu,0,0
1790531714.305137,49.600000,0.000000,0.000000,cpu,0,0
1790531714.405265,49.050000,0.000000,0.000000,cpu,0,0
1790531714.505372,49.050000,0.000000,0.000000,cpu,0,0
1790531714.605471,49.050000,0.000000,0.000000,cpu,0,0
1790531714.705570,49.050000,0.000000,0.000000,cpu,0,0
1790531714.805670,48.500000,0.000000,0.000000,cpu,0,0
1790531714.905788,49.050000,0.000000,0.000000,cpu,0,0
1790531715.005899,49.050000,0.000000,0.000000,cpu,0,0
1790531715.105998,49.600000,0.000000,0.000000,cpu,0,0
1790531715.206096,49.050000,0.000000,0.000000,cpu,0,0
1790531715.306200,49.050000,0.000000,0.000000,cpu,0,0
1790531715.406311,49.050000,0.000000,0.000000,cpu,0,0
1790531715.506418,47.950000,0.000000,0.000000,cpu,0,0
1790531715.606528,49.050000,0.000000,0.000000,cpu,0,0
1790531715.706635,49.600000,0.000000,0.000000,cpu,0,0
1790531715.806745,48.500000,0.000000,0.000000,cpu,0,0
1790531715.906868,48.500000,0.000000,0.000000,cpu,0,0
1790531716.006986,49.050000,0.000000,0.000000,cpu,0,0
1790531716.107090,48.500000,0.000000,0.000000,cpu,0,0
1790531716.207191,49.600000,0.000000,0.000000,cpu,0,0
1790531716.307302,49.050000,0.000000,0.000000,cpu,0,0
1790531716.407419,49.050000,0.000000,0.000000,cpu,0,0
1790531716.507529,49.050000,0.000000,0.000000,cpu,0,0
1790531716.607629,48.500000,0.000000,0.000000,cpu,0,0
1790531716.707730,49.050000,0.000000,0.000000,cpu,0,0
1790531716.807839,49.050000,0.000000,0.000000,cpu,0,0
1790531716.907958,49.050000,0.000000,0.000000,cpu,0,0
1790531717.008075,47.950000,0.000000,0.000000,cpu,0,0
1790531717.108181,48.500000,0.000000,0.000000,cpu,0,0
1790531717.208285,49.050000,0.000000,0.000000,cpu,0,0
1790531717.308393,49.050000,0.000000,0.000000,cpu,0,0
1790531717.408508,50.150000,0.000000,0.000000,cpu,0,0
1790531717.508617,50.150000,0.000000,0.000000,cpu,0,0
1790531717.608719,48.500000,0.000000,0.000000,cpu,0,0
1790531717.708822,48.500000,0.000000,0.000000,cpu,0,0
1790531717.808927,48.500000,0.000000,0.000000,cpu,0,0
1790531717.909099,49.600000,0.000000,0.000000,cpu,0,0
1790531718.009244,49.050000,0.000000,0.000000,cpu,0,0
1790531718.109358,49.050000,0.000000,0.000000,cpu,0,0
1790531718.209466,49.600000,0.000000,0.000000,cpu,0,0
1790531718.309577,49.050000,0.000000,0.000000,cpu,0,0
1790531718.409696,48.500000,0.000000,0.000000,cpu,0,0
1790531718.509811,49.050000,0.000000,0.000000,cpu,0,0
1790531718.609925,49.600000,0.000000,0.000000,cpu,0,0
1790531718.710046,49.050000,0.000000,0.000000,cpu,0,0
1790531718.810168,49.050000,0.000000,0.000000,cpu,0,0
1790531718.910298,49.050000,0.000000,0.000000,cpu,0,0
1790531719.010417,50.150000,0.000000,0.000000,cpu,0,0
1790531719.110523,49.050000,0.000000,0.000000,cpu,0,0
1790531719.210623,49.050000,0.000000,0.000000,cpu,0,0
1790531719.310732,49.050000,0.000000,0.000000,cpu,0,0
1790531719.410847,49.050000,0.000000,0.000000,cpu,0,0
1790531719.510959,50.700000,0.000000,0.000000,cpu,0,0
1790531719.611063,49.050000,0.000000,0.000000,cpu,0,0
1790531719.711167,47.950000,0.000000,0.000000,cpu,0,0
1790531719.811287,49.050000,0.000000,0.000000,cpu,0,0
1790531719.911428,47.950000,0.000000,0.000000,cpu,0,0
1790531720.011549,49.050000,0.000000,0.000000,cpu,0,0
1790531720.111656,48.500000,0.000000,0.000000,cpu,0,0
1790531720.211761,48.500000,0.000000,0.000000,cpu,0,0
1790531720.311872,49.050000,0.000000,0.000000,cpu,0,0
1790531720.411991,49.050000,0.000000,0.000000,cpu,0,0
1790531720.512106,48.500000,0.000000,0.000000,cpu,0,0
1790531720.612210,49.050000,0.000000,0.000000,cpu,0,0
1790531720.712313,49.050000,0.000000,0.000000,cpu,0,0
1790531720.812421,49.050000,0.000000,0.000000,cpu,0,0
1790531720.912553,48.500000,0.000000,0.000000,cpu,0,0
1790531721.012671,50.150000,0.000000,0.000000,cpu,0,0
1790531721.112775,48.500000,0.000000,0.000000,cpu,0,0
1790531721.212878,48.500000,0.000000,0.000000,cpu,0,0
1790531721.312996,48.500000,0.000000,0.000000,cpu,0,0
1790531721.413113,48.500000,0.000000,0.000000,cpu,0,0
1790531721.513225,49.050000,0.000000,0.000000,cpu,0,0
1790531721.613324,48.500000,0.000000,0.000000,cpu,0,0
1790531721.713439,49.050000,0.000000,0.000000,cpu,0,0
1790531721.813557,49.600000,0.000000,0.000000,cpu,0,0
1790531721.913680,50.150000,0.000000,0.000000,cpu,0,0
1790531722.013799,50.150000,0.000000,0.000000,cpu,0,0
1790531722.113899,49.600000,0.000000,0.000000,cpu,0,0
1790531722.214001,49.050000,0.000000,0.000000,cpu,0,0
1790531722.314103,49.050000,0.000000,0.000000,cpu,0,0
1790531722.414213,49.600000,0.000000,0.000000,cpu,0,0
1790531722.514319,49.050000,0.000000,0.000000,cpu,0,0
1790531722.614417,48.500000,0.000000,0.000000,cpu,0,0
1790531722.714520,49.600000,0.000000,0.000000,cpu,0,0
1790531722.814626,49.600000,0.000000,0.000000,cpu,0,0
1790531722.914782,48.500000,0.000000,0.000000,cpu,0,0
1790531723.014922,50.150000,0.000000,0.000000,cpu,0,0
1790531723.115034,49.050000,0.000000,0.000000,cpu,0,0
1790531723.215142,49.050000,0.000000,0.000000,cpu,0,0
1790531723.315253,49.050000,0.000000,0.000000,cpu,0,0
1790531723.415371,48.500000,0.000000,0.000000,cpu,0,0
1790531723.515482,50.150000,0.000000,0.000000,cpu,0,0
1790531723.615588,48.500000,0.000000,0.000000,cpu,0,0
1790531723.715701,48.500000,0.000000,0.000000,cpu,0,0
1790531723.815820,49.050000,0.000000,0.000000,cpu,0,0
1790531723.915943,47.950000,0.000000,0.000000,cpu,0,0
1790531724.016059,49.600000,0.000000,0.000000,cpu,0,0
1790531724.116161,49.050000,0.000000,0.000000,cpu,0,0
1790531724.216264,49.600000,0.000000,0.000000,cpu,0,0
1790531724.316370,49.050000,0.000000,0.000000,cpu,0,0
1790531724.416485,49.050000,0.000000,0.000000,cpu,0,0
1790531724.516595,48.500000,0.000000,0.000000,cpu,0,0
1790531724.616705,48.500000,0.000000,0.000000,cpu,0,0
1790531724.716843,50.150000,0.000000,0.000000,cpu,0,0
1790531724.816985,48.500000,0.000000,0.000000,cpu,0,0
1790531724.917119,49.050000,0.000000,0.000000,cpu,0,0
1790531725.017240,49.050000,0.000000,0.000000,cpu,0,0
1790531725.117345,49.050000,0.000000,0.000000,cpu,0,0
1790531725.217448,49.050000,0.000000,0.000000,cpu,0,0
1790531725.317551,49.050000,0.000000,0.000000,cpu,0,0
1790531725.417661,49.600000,0.000000,0.000000,cpu,0,0
1790531725.517764,48.500000,0.000000,0.000000,cpu,0,0
1790531725.617862,48.500000,0.000000,0.000000,cpu,0,0
1790531725.717960,49.050000,0.000000,0.000000,cpu,0,0
1790531725.818060,49.050000,0.000000,0.000000,cpu,0,0
1790531725.918176,48.500000,0.000000,0.000000,cpu,0,0
1790531726.018286,48.500000,0.000000,0.000000,cpu,0,0
1790531726.118384,50.150000,0.000000,0.000000,cpu,0,0
1790531726.218486,49.050000,0.000000,0.000000,cpu,0,0
1790531726.318597,49.050000,0.000000,0.000000,cpu,0,0
1790531726.418711,48.500000,0.000000,0.000000,cpu,0,0
1790531726.518821,49.050000,0.000000,0.000000,cpu,0,0
1790531726.618920,49.050000,0.000000,0.000000,cpu,0,0
1790531726.719021,49.050000,0.000000,0.000000,cpu,0,0
1790531726.819128,48.500000,0.000000,0.000000,cpu,0,0
1790531726.919250,48.500000,0.000000,0.000000,cpu,0,0
1790531727.019370,49.600000,0.000000,0.000000,cpu,0,0
1790531727.119474,48.500000,0.000000,0.000000,cpu,0,0
1790531727.219575,49.600000,0.000000,0.000000,cpu,0,0
1790531727.319685,49.600000,0.000000,0.000000,cpu,0,0
1790531727.419797,48.500000,0.000000,0.000000,cpu,0,0
1790531727.519906,49.050000,0.000000,0.000000,cpu,0,0
1790531727.620010,48.500000,0.000000,0.000000,cpu,0,0
1790531727.720118,49.600000,0.000000,0.000000,cpu,0,0
1790531727.820247,49.600000,0.000000,0.000000,cpu,0,0
1790531727.920427,49.050000,0.000000,0.000000,cpu,0,0
1790531728.020580,49.600000,0.000000,0.000000,cpu,0,0
1790531728.120687,49.050000,0.000000,0.000000,cpu,0,0
1790531728.220789,48.500000,0.000000,0.000000,cpu,0,0
1790531728.320902,49.050000,0.000000,0.000000,cpu,0,0
1790531728.421019,49.050000,0.000000,0.000000,cpu,0,0
1790531728.521130,48.500000,0.000000,0.000000,cpu,0,0
1790531728.621235,48.500000,0.000000,0.000000,cpu,0,0
1790531728.721352,48.500000,0.000000,0.000000,cpu,0,0
1790531728.821485,49.050000,0.000000,0.000000,cpu,0,0
1790531728.921615,49.050000,0.000000,0.000000,cpu,0,0
1790531729.021730,49.050000,0.000000,0.000000,cpu,0,0
1790531729.121829,49.050000,0.000000,0.000000,cpu,0,0
1790531729.221926,49.050000,0.000000,0.000000,cpu,0,0
1790531729.322030,48.500000,0.000000,0.000000,cpu,0,0
1790531729.422139,49.050000,0.000000,0.000000,cpu,0,0
1790531729.522243,49.600000,0.000000,0.000000,cpu,0,0
1790531729.622345,48.500000,0.000000,0.000000,cpu,0,0
1790531729.722445,49.050000,0.000000,0.000000,cpu,0,0
1790531729.822564,47.950000,0.000000,0.000000,cpu,0,0
1790531729.922690,48.500000,0.000000,0.000000,cpu,0,0
1790531730.022798,49.050000,0.000000,0.000000,cpu,0,0
1790531730.122898,47.950000,0.000000,0.000000,cpu,0,0
1790531730.222996,49.050000,0.000000,0.000000,cpu,0,0
1790531730.323100,49.050000,0.000000,0.000000,cpu,0,0
1790531730.423214,49.050000,0.000000,0.000000,cpu,0,0
1790531730.523320,49.050000,0.000000,0.000000,cpu,0,0
1790531730.623419,51.250000,0.000000,0.000000,cpu,0,0
1790531730.723530,48.500000,0.000000,0.000000,cpu,0,0
1790531730.823653,50.150000,0.000000,0.000000,cpu,0,0
1790531730.923775,49.050000,0.000000,0.000000,cpu,0,0
1790531731.023888,48.500000,0.000000,0.000000,cpu,0,0
1790531731.123988,49.050000,0.000000,0.000000,cpu,0,0
1790531731.224087,49.600000,0.000000,0.000000,cpu,0,0
1790531731.324192,49.050000,0.000000,0.000000,cpu,0,0
1790531731.424304,49.600000,0.000000,0.000000,cpu,0,0
1790531731.524415,49.050000,0.000000,0.000000,cpu,0,0
1790531731.624515,49.050000,0.000000,0.000000,cpu,0,0
1790531731.724622,49.050000,0.000000,0.000000,cpu,0,0
1790531731.824739,49.050000,0.000000,0.000000,cpu,0,0
1790531731.924860,50.150000,0.000000,0.000000,cpu,0,0
1790531732.024977,48.500000,0.000000,0.000000,cpu,0,0
1790531732.125076,49.050000,0.000000,0.000000,cpu,0,0
1790531732.225173,49.050000,0.000000,0.000000,cpu,0,0
1790531732.325274,49.050000,0.000000,0.000000,cpu,0,0
1790531732.425387,47.950000,0.000000,0.000000,cpu,0,0
1790531732.525496,49.050000,0.000000,0.000000,cpu,0,0
1790531732.625597,47.950000,0.000000,0.000000,cpu,0,0
1790531732.725707,49.050000,0.000000,0.000000,cpu,0,0
1790531732.825825,49.050000,0.000000,0.000000,cpu,0,0
1790531732.925995,49.050000,0.000000,0.000000,cpu,0,0
1790531733.026134,49.050000,0.000000,0.000000,cpu,0,0
1790531733.126244,49.050000,0.000000,0.000000,cpu,0,0
1790531733.226348,48.500000,0.000000,0.000000,cpu,0,0
1790531733.326456,48.500000,0.000000,0.000000,cpu,0,0
1790531733.426573,49.050000,0.000000,0.000000,cpu,0,0
1790531733.526683,49.050000,0.000000,0.000000,cpu,0,0
1790531733.626798,49.050000,0.000000,0.000000,cpu,0,0
1790531733.726913,47.950000,0.000000,0.000000,cpu,0,0
1790531733.827037,48.500000,0.000000,0.000000,cpu,0,0
1790531733.927170,49.600000,0.000000,0.000000,cpu,0,0
1790531734.027292,50.150000,0.000000,0.000000,cpu,0,0
1790531734.127406,49.050000,0.000000,0.000000,cpu,0,0
1790531734.227510,49.050000,0.000000,0.000000,cpu,0,0
1790531734.327617,49.600000,0.000000,0.000000,cpu,0,0
1790531734.427730,49.050000,0.000000,0.000000,cpu,0,0
1790531734.527838,49.600000,0.000000,0.000000,cpu,0,0
1790531734.627940,48.500000,0.000000,0.000000,cpu,0,0
1790531734.728042,49.050000,0.000000,0.000000,cpu,0,0
1790531734.828159,48.500000,0.000000,0.000000,cpu,0,0
1790531734.928286,48.500000,0.000000,0.000000,cpu,0,0
1790531735.028401,49.600000,0.000000,0.000000,cpu,0,0
1790531735.128506,48.500000,0.000000,0.000000,cpu,0,0
1790531735.228609,49.600000,0.000000,0.000000,cpu,0,0
1790531735.328713,48.500000,0.000000,0.000000,cpu,0,0
1790531735.428829,49.600000,0.000000,0.000000,cpu,0,0
1790531735.528939,49.050000,0.000000,0.000000,cpu,0,0
1790531735.629047,48.500000,0.000000,0.000000,cpu,0,0
1790531735.729150,50.150000,0.000000,0.000000,cpu,0,0
1790531735.829266,48.500000,0.000000,0.000000,cpu,0,0
1790531735.929389,48.500000,0.000000,0.000000,cpu,0,0
1790531736.029503,49.600000,0.000000,0.000000,cpu,0,0
1790531736.129607,50.150000,0.000000,0.000000,cpu,0,0
1790531736.229710,48.500000,0.000000,0.000000,cpu,0,0
1790531736.329815,49.600000,0.000000,0.000000,cpu,0,0
1790531736.429929,49.050000,0.000000,0.000000,cpu,0,0
1790531736.530040,49.050000,0.000000,0.000000,cpu,0,0
1790531736.630144,47.950000,0.000000,0.000000,cpu,0,0
1790531736.730281,49.050000,0.000000,0.000000,cpu,0,0
1790531736.830429,50.150000,0.000000,0.000000,cpu,0,0
1790531736.930565,49.050000,0.000000,0.000000,cpu,0,0
1790531737.030685,50.150000,0.000000,0.000000,cpu,0,0
1790531737.130797,48.500000,0.000000,0.000000,cpu,0,0
1790531737.230902,47.950000,0.000000,0.000000,cpu,0,0
1790531737.331007,49.050000,0.000000,0.000000,cpu,0,0
1790531737.431119,49.050000,0.000000,0.000000,cpu,0,0
1790531737.531230,49.050000,0.000000,0.000000,cpu,0,0
1790531737.631333,49.050000,0.000000,0.000000,cpu,0,0
1790531737.731436,49.050000,0.000000,0.000000,cpu,0,0
1790531737.831556,49.600000,0.000000,0.000000,cpu,0,0
1790531737.931732,50.150000,0.000000,0.000000,cpu,0,0
1790531738.031878,48.500000,0.000000,0.000000,cpu,0,0
1790531738.131989,49.600000,0.000000,0.000000,cpu,0,0
1790531738.232096,50.150000,0.000000,0.000000,cpu,0,0
1790531738.332205,47.400000,0.000000,0.000000,cpu,0,0
1790531738.432322,49.050000,0.000000,0.000000,cpu,0,0
1790531738.532436,49.050000,0.000000,0.000000,cpu,0,0
1790531738.632540,47.950000,0.000000,0.000000,cpu,0,0
1790531738.732644,49.600000,0.000000,0.000000,cpu,0,0
1790531738.832763,50.150000,0.000000,0.000000,cpu,0,0
1790531738.932895,49.050000,0.000000,0.000000,cpu,0,0
1790531739.033013,49.050000,0.000000,0.000000,cpu,0,0
1790531739.133118,48.500000,0.000000,0.000000,cpu,0,0
1790531739.233221,48.500000,0.000000,0.000000,cpu,0,0
1790531739.333321,49.050000,0.000000,0.000000,cpu,0,0
1790531739.433432,49.050000,0.000000,0.000000,cpu,0,0
1790531739.533537,48.500000,0.000000,0.000000,cpu,0,0
1790531739.633637,49.050000,0.000000,0.000000,cpu,0,0
1790531739.733751,49.050000,0.000000,0.000000,cpu,0,0
1790531739.833878,48.500000,0.000000,0.000000,cpu,0,0
1790531739.934005,48.500000,0.000000,0.000000,cpu,0,0
1790531740.034116,49.050000,0.000000,0.000000,cpu,0,0
1790531740.134215,48.500000,0.000000,0.000000,cpu,0,0
1790531740.234314,48.500000,0.000000,0.000000,cpu,0,0
1790531740.334420,50.700000,0.000000,0.000000,cpu,0,0
1790531740.434531,49.050000,0.000000,0.000000,cpu,0,0
1790531740.534640,49.600000,0.000000,0.000000,cpu,0,0
1790531740.634742,48.500000,0.000000,0.000000,cpu,0,0
1790531740.734857,48.500000,0.000000,0.000000,cpu,0,0
1790531740.834979,48.500000,0.000000,0.000000,cpu,0,0
1790531740.935105,49.050000,0.000000,0.000000,cpu,0,0
1790531741.035221,49.050000,0.000000,0.000000,cpu,0,0
1790531741.135325,48.500000,0.000000,0.000000,cpu,0,0
1790531741.235428,49.050000,0.000000,0.000000,cpu,0,0
1790531741.335532,48.500000,0.000000,0.000000,cpu,0,0
1790531741.435643,49.050000,0.000000,0.000000,cpu,0,0
1790531741.535753,49.050000,0.000000,0.000000,cpu,0,0
1790531741.635858,48.500000,0.000000,0.000000,cpu,0,0
1790531741.735968,49.050000,0.000000,0.000000,cpu,0,0
1790531741.836094,49.050000,0.000000,0.000000,cpu,0,0
1790531741.936222,49.050000,0.000000,0.000000,cpu,0,0
1790531742.036341,49.600000,0.000000,0.000000,cpu,0,0
1790531742.136446,50.150000,0.000000,0.000000,cpu,0,0
1790531742.236549,50.150000,0.000000,0.000000,cpu,0,0
1790531742.336653,48.500000,0.000000,0.000000,cpu,0,0
1790531742.436769,49.050000,0.000000,0.000000,cpu,0,0
1790531742.536882,49.050000,0.000000,0.000000,cpu,0,0
1790531742.636998,48.500000,0.000000,0.000000,cpu,0,0
1790531742.737141,49.050000,0.000000,0.000000,cpu,0,0
1790531750.290621,49.050000,0.000000,0.000000,cpu,0,0
1790531750.390875,49.600000,0.000000,0.000000,cpu,0,0
1790531750.491031,49.050000,0.000000,0.000000,cpu,0,0
1790531750.591163,49.050000,0.000000,0.000000,cpu,0,0
1790531750.691273,49.050000,0.000000,0.000000,cpu,0,0
1790531750.791401,48.500000,0.000000,0.000000,cpu,0,0
1790531750.891531,48.500000,0.000000,0.000000,cpu,0,0
1790531750.991647,50.150000,0.000000,0.000000,cpu,0,0
1790531751.091752,49.600000,0.000000,0.000000,cpu,0,0
1790531751.191861,48.500000,0.000000,0.000000,cpu,0,0
1790531751.291970,47.400000,0.000000,0.000000,cpu,0,0
1790531751.392093,48.500000,0.000000,0.000000,cpu,0,0
1790531751.492218,48.500000,0.000000,0.000000,cpu,0,0
1790531751.592323,49.050000,0.000000,0.000000,cpu,0,0
1790531751.692437,49.050000,0.000000,0.000000,cpu,0,0
1790531751.792563,49.050000,0.000000,0.000000,cpu,0,0
1790531751.892686,49.050000,0.000000,0.000000,cpu,0,0
1790531751.992803,49.050000,0.000000,0.000000,cpu,0,0
1790531752.092908,49.050000,0.000000,0.000000,cpu,0,0
1790531752.193002,49.050000,0.000000,0.000000,cpu,0,0
1790531752.293116,48.500000,0.000000,0.000000,cpu,0,0
1790531752.393240,49.050000,0.000000,0.000000,cpu,0,0
1790531752.493355,48.500000,0.000000,0.000000,cpu,0,0
1790531752.593458,49.050000,0.000000,0.000000,cpu,0,0
1790531752.693563,48.500000,0.000000,0.000000,cpu,0,0
1790531752.793666,49.600000,0.000000,0.000000,cpu,0,0
1790531752.893771,49.050000,0.000000,0.000000,cpu,0,0
1790531752.993873,48.500000,0.000000,0.000000,cpu,0,0
1790531753.093974,47.950000,0.000000,0.000000,cpu,0,0
1790531753.194078,49.050000,0.000000,0.000000,cpu,0,0
1790531753.294188,48.500000,0.000000,0.000000,cpu,0,0
1790531753.394302,49.050000,0.000000,0.000000,cpu,0,0
1790531753.494413,48.500000,0.000000,0.000000,cpu,0,0
1790531753.594515,49.050000,0.000000,0.000000,cpu,0,0
1790531753.694615,49.050000,0.000000,0.000000,cpu,0,0
1790531753.794717,49.050000,0.000000,0.000000,cpu,0,0
1790531753.894820,48.500000,0.000000,0.000000,cpu,0,0
1790531753.994920,48.500000,0.000000,0.000000,cpu,0,0
1790531754.095020,49.600000,0.000000,0.000000,cpu,0,0
1790531754.195127,49.050000,0.000000,0.000000,cpu,0,0
1790531754.295238,47.950000,0.000000,0.000000,cpu,0,0
1790531754.395354,49.050000,0.000000,0.000000,cpu,0,0
1790531754.495468,49.600000,0.000000,0.000000,cpu,0,0
1790531754.595575,50.150000,0.000000,0.000000,cpu,0,0
1790531754.695687,49.050000,0.000000,0.000000,cpu,0,0
1790531754.795827,50.150000,0.000000,0.000000,cpu,0,0
1790531754.895964,47.400000,0.000000,0.000000,cpu,0,0
1790531754.996082,49.050000,0.000000,0.000000,cpu,0,0
1790531755.096189,49.050000,0.000000,0.000000,cpu,0,0
1790531755.196304,49.050000,0.000000,0.000000,cpu,0,0
1790531755.296419,49.050000,0.000000,0.000000,cpu,0,0
1790531755.396589,48.500000,0.000000,0.000000,cpu,0,0
1790531755.496744,49.600000,0.000000,0.000000,cpu,0,0
1790531755.596861,48.500000,0.000000,0.000000,cpu,0,0
1790531755.696979,49.050000,0.000000,0.000000,cpu,0,0
1790531755.797084,49.050000,0.000000,0.000000,cpu,0,0
1790531755.897189,49.050000,0.000000,0.000000,cpu,0,0
1790531755.997294,49.050000,0.000000,0.000000,cpu,0,0
1790531756.097396,49.050000,0.000000,0.000000,cpu,0,0
1790531756.197499,48.500000,0.000000,0.000000,cpu,0,0
1790531756.297602,48.500000,0.000000,0.000000,cpu,0,0
1790531756.397709,49.050000,0.000000,0.000000,cpu,0,0
1790531756.497818,49.050000,0.000000,0.000000,cpu,0,0
1790531756.597917,49.050000,0.000000,0.000000,cpu,0,0
1790531756.698017,49.600000,0.000000,0.000000,cpu,0,0
1790531756.798115,49.050000,0.000000,0.000000,cpu,0,0
1790531756.898214,49.050000,0.000000,0.000000,cpu,0,0
1790531756.998313,48.500000,0.000000,0.000000,cpu,0,0
1790531757.098413,49.600000,0.000000,0.000000,cpu,0,0
1790531757.198523,49.050000,0.000000,0.000000,cpu,0,0
1790531757.298633,49.600000,0.000000,0.000000,cpu,0,0
1790531757.398743,49.050000,0.000000,0.000000,cpu,0,0
1790531757.498852,48.500000,0.000000,0.000000,cpu,0,0
1790531757.598963,48.500000,0.000000,0.000000,cpu,0,0
1790531757.699079,49.050000,0.000000,0.000000,cpu,0,0
1790531757.799193,48.500000,0.000000,0.000000,cpu,0,0
1790531757.899297,49.050000,0.000000,0.000000,cpu,0,0
1790531757.999402,49.050000,0.000000,0.000000,cpu,0,0
1790531758.099502,49.050000,0.000000,0.000000,cpu,0,0
1790531758.199616,49.050000,0.000000,0.000000,cpu,0,0
1790531758.299728,49.050000,0.000000,0.000000,cpu,0,0
1790531758.399843,49.050000,0.000000,0.000000,cpu,0,0
1790531758.499951,48.500000,0.000000,0.000000,cpu,0,0
1790531758.600049,48.500000,0.000000,0.000000,cpu,0,0
1790531758.700154,48.500000,0.000000,0.000000,cpu,0,0
1790531758.800258,49.050000,0.000000,0.000000,cpu,0,0
1790531758.900374,47.950000,0.000000,0.000000,cpu,0,0
1790531759.000486,49.050000,0.000000,0.000000,cpu,0,0
1790531759.100589,49.050000,0.000000,0.000000,cpu,0,0
1790531759.200699,49.050000,0.000000,0.000000,cpu,0,0
1790531759.300809,49.050000,0.000000,0.000000,cpu,0,0
1790531759.400930,49.050000,0.000000,0.000000,cpu,0,0
1790531759.501060,47.400000,0.000000,0.000000,cpu,0,0
1790531759.601165,49.050000,0.000000,0.000000,cpu,0,0
1790531759.701269,49.050000,0.000000,0.000000,cpu,0,0
1790531759.801386,49.050000,0.000000,0.000000,cpu,0,0
1790531759.901506,49.050000,0.000000,0.000000,cpu,0,0
1790531760.001616,50.150000,0.000000,0.000000,cpu,0,0
1790531760.101719,49.050000,0.000000,0.000000,cpu,0,0
1790531760.201830,49.050000,0.000000,0.000000,cpu,0,0
1790531760.301940,48.500000,0.000000,0.000000,cpu,0,0
1790531760.402101,49.050000,0.000000,0.000000,cpu,0,0
1790531760.502250,49.050000,0.000000,0.000000,cpu,0,0
1790531760.602364,49.050000,0.000000,0.000000,cpu,0,0
1790531760.702504,49.050000,0.000000,0.000000,cpu,0,0
1790531760.802672,50.150000,0.000000,0.000000,cpu,0,0
1790531760.902810,49.050000,0.000000,0.000000,cpu,0,0
1790531761.002927,48.500000,0.000000,0.000000,cpu,0,0
1790531761.103033,50.150000,0.000000,0.000000,cpu,0,0
1790531761.203144,50.150000,0.000000,0.000000,cpu,0,0
1790531761.303254,49.050000,0.000000,0.000000,cpu,0,0
1790531761.403374,49.050000,0.000000,0.000000,cpu,0,0
1790531761.503493,49.050000,0.000000,0.000000,cpu,0,0
1790531761.603593,49.600000,0.000000,0.000000,cpu,0,0
1790531761.703698,48.500000,0.000000,0.000000,cpu,0,0
1790531761.803814,49.050000,0.000000,0.000000,cpu,0,0
1790531761.903929,48.500000,0.000000,0.000000,cpu,0,0
1790531762.004038,50.150000,0.000000,0.000000,cpu,0,0
1790531762.104143,47.400000,0.000000,0.000000,cpu,0,0
1790531762.204252,50.150000,0.000000,0.000000,cpu,0,0
1790531762.304362,49.600000,0.000000,0.000000,cpu,0,0
1790531762.404482,49.050000,0.000000,0.000000,cpu,0,0
1790531762.504603,49.050000,0.000000,0.000000,cpu,0,0
1790531762.604705,48.500000,0.000000,0.000000,cpu,0,0
1790531762.704813,48.500000,0.000000,0.000000,cpu,0,0
1790531762.804936,48.500000,0.000000,0.000000,cpu,0,0
1790531762.905069,49.050000,0.000000,0.000000,cpu,0,0
1790531763.005178,49.050000,0.000000,0.000000,cpu,0,0
1790531763.105284,49.050000,0.000000,0.000000,cpu,0,0
1790531763.205388,47.950000,0.000000,0.000000,cpu,0,0
1790531763.305493,49.050000,0.000000,0.000000,cpu,0,0
1790531763.405608,48.500000,0.000000,0.000000,cpu,0,0
1790531763.505721,48.500000,0.000000,0.000000,cpu,0,0
1790531763.605819,48.500000,0.000000,0.000000,cpu,0,0
1790531763.705931,48.500000,0.000000,0.000000,cpu,0,0
1790531763.806051,49.050000,0.000000,0.000000,cpu,0,0
1790531763.906166,50.150000,0.000000,0.000000,cpu,0,0
1790531764.006272,47.950000,0.000000,0.000000,cpu,0,0
1790531764.106372,48.500000,0.000000,0.000000,cpu,0,0
1790531764.206476,48.500000,0.000000,0.000000,cpu,0,0
1790531764.306581,47.950000,0.000000,0.000000,cpu,0,0
1790531764.406692,49.050000,0.000000,0.000000,cpu,0,0
1790531764.506805,49.050000,0.000000,0.000000,cpu,0,0
1790531764.606906,48.500000,0.000000,0.000000,cpu,0,0
1790531764.707014,49.600000,0.000000,0.000000,cpu,0,0
1790531764.807129,49.050000,0.000000,0.000000,cpu,0,0
1790531764.907247,49.600000,0.000000,0.000000,cpu,0,0
1790531765.007357,49.050000,0.000000,0.000000,cpu,0,0
1790531765.107460,49.050000,0.000000,0.000000,cpu,0,0
1790531765.207571,49.050000,0.000000,0.000000,cpu,0,0
1790531765.307681,48.500000,0.000000,0.000000,cpu,0,0
1790531765.407849,49.050000,0.000000,0.000000,cpu,0,0
1790531765.507997,48.500000,0.000000,0.000000,cpu,0,0
1790531765.608108,49.050000,0.000000,0.000000,cpu,0,0
1790531765.708221,49.050000,0.000000,0.000000,cpu,0,0
1790531765.808339,49.050000,0.000000,0.000000,cpu,0,0
1790531765.908460,49.050000,0.000000,0.000000,cpu,0,0
1790531766.008571,49.050000,0.000000,0.000000,cpu,0,0
1790531766.108673,48.500000,0.000000,0.000000,cpu,0,0
1790531766.208785,49.050000,0.000000,0.000000,cpu,0,0
1790531766.308897,49.050000,0.000000,0.000000,cpu,0,0
1790531766.409014,49.050000,0.000000,0.000000,cpu,0,0
1790531766.509134,48.500000,0.000000,0.000000,cpu,0,0
1790531766.609239,49.050000,0.000000,0.000000,cpu,0,0
1790531766.709344,49.050000,0.000000,0.000000,cpu,0,0
1790531766.809466,48.500000,0.000000,0.000000,cpu,0,0
1790531766.909584,48.500000,0.000000,0.000000,cpu,0,0
1790531767.009692,49.050000,0.000000,0.000000,cpu,0,0
1790531767.109791,49.600000,0.000000,0.000000,cpu,0,0
1790531767.209897,49.600000,0.000000,0.000000,cpu,0,0
1790531767.310003,49.050000,0.000000,0.000000,cpu,0,0
1790531767.410122,48.500000,0.000000,0.000000,cpu,0,0
1790531767.510238,49.600000,0.000000,0.000000,cpu,0,0
1790531767.610339,46.850000,0.000000,0.000000,cpu,0,0
1790531767.710439,49.050000,0.000000,0.000000,cpu,0,0
1790531767.810551,49.600000,0.000000,0.000000,cpu,0,0
1790531767.910667,49.050000,0.000000,0.000000,cpu,0,0
1790531768.010776,49.050000,0.000000,0.000000,cpu,0,0
1790531768.110877,49.050000,0.000000,0.000000,cpu,0,0
1790531768.210985,48.500000,0.000000,0.000000,cpu,0,0
1790531768.311097,49.050000,0.000000,0.000000,cpu,0,0
1790531768.411218,49.050000,0.000000,0.000000,cpu,0,0
1790531768.511338,48.500000,0.000000,0.000000,cpu,0,0
1790531768.611439,49.050000,0.000000,0.000000,cpu,0,0
1790531768.711542,50.150000,0.000000,0.000000,cpu,0,0
1790531768.811651,47.950000,0.000000,0.000000,cpu,0,0
1790531768.911770,50.150000,0.000000,0.000000,cpu,0,0
1790531769.011883,49.050000,0.000000,0.000000,cpu,0,0
1790531769.111984,47.950000,0.000000,0.000000,cpu,0,0
1790531769.212091,49.600000,0.000000,0.000000,cpu,0,0
1790531769.312201,48.500000,0.000000,0.000000,cpu,0,0
1790531769.412318,47.950000,0.000000,0.000000,cpu,0,0
1790531769.512436,49.050000,0.000000,0.000000,cpu,0,0
1790531769.612538,48.500000,0.000000,0.000000,cpu,0,0
1790531769.712648,48.500000,0.000000,0.000000,cpu,0,0
1790531769.812772,50.150000,0.000000,0.000000,cpu,0,0
1790531769.912895,48.500000,0.000000,0.000000,cpu,0,0
1790531770.013007,49.050000,0.000000,0.000000,cpu,0,0
1790531770.113106,49.050000,0.000000,0.000000,cpu,0,0
1790531770.213216,48.500000,0.000000,0.000000,cpu,0,0
1790531770.313327,49.050000,0.000000,0.000000,cpu,0,0
1790531770.413487,48.500000,0.000000,0.000000,cpu,0,0
1790531770.513637,49.050000,0.000000,0.000000,cpu,0,0
1790531770.613739,49.600000,0.000000,0.000000,cpu,0,0
1790531770.713850,49.050000,0.000000,0.000000,cpu,0,0
1790531770.813974,49.600000,0.000000,0.000000,cpu,0,0
1790531770.914095,49.050000,0.000000,0.000000,cpu,0,0
1790531771.014210,49.600000,0.000000,0.000000,cpu,0,0
1790531771.114314,49.050000,0.000000,0.000000,cpu,0,0
1790531771.214421,49.050000,0.000000,0.000000,cpu,0,0
1790531771.314531,49.050000,0.000000,0.000000,cpu,0,0
1790531771.414652,49.600000,0.000000,0.000000,cpu,0,0
1790531771.514773,49.050000,0.000000,0.000000,cpu,0,0
1790531771.614876,48.500000,0.000000,0.000000,cpu,0,0
1790531771.714977,47.400000,0.000000,0.000000,cpu,0,0
1790531771.815091,49.050000,0.000000,0.000000,cpu,0,0
1790531771.915210,49.050000,0.000000,0.000000,cpu,0,0
1790531772.015322,49.050000,0.000000,0.000000,cpu,0,0
1790531772.115425,47.950000,0.000000,0.000000,cpu,0,0
1790531772.215535,49.050000,0.000000,0.000000,cpu,0,0
1790531772.315650,49.050000,0.000000,0.000000,cpu,0,0
1790531772.415774,48.500000,0.000000,0.000000,cpu,0,0
1790531772.515897,49.050000,0.000000,0.000000,cpu,0,0
1790531772.616001,49.050000,0.000000,0.000000,cpu,0,0
1790531772.716135,48.500000,0.000000,0.000000,cpu,0,0
1790531772.816282,48.500000,0.000000,0.000000,cpu,0,0
1790531772.916405,47.950000,0.000000,0.000000,cpu,0,0
1790531773.016521,49.600000,0.000000,0.000000,cpu,0,0
1790531773.116625,48.500000,0.000000,0.000000,cpu,0,0
1790531773.216732,48.500000,0.000000,0.000000,cpu,0,0
1790531773.316841,47.950000,0.000000,0.000000,cpu,0,0
1790531773.416975,48.500000,0.000000,0.000000,cpu,0,0
1790531773.517098,48.500000,0.000000,0.000000,cpu,0,0
1790531773.617198,49.050000,0.000000,0.000000,cpu,0,0
1790531773.717299,49.050000,0.000000,0.000000,cpu,0,0
1790531773.817413,49.050000,0.000000,0.000000,cpu,0,0
1790531773.917531,48.500000,0.000000,0.000000,cpu,0,0
1790531774.017643,49.050000,0.000000,0.000000,cpu,0,0
1790531774.117746,49.050000,0.000000,0.000000,cpu,0,0
1790531774.217856,48.500000,0.000000,0.000000,cpu,0,0
1790531774.317962,48.500000,0.000000,0.000000,cpu,0,0
1790531774.418086,50.150000,0.000000,0.000000,cpu,0,0
1790531774.518207,49.050000,0.000000,0.000000,cpu,0,0
1790531774.618311,50.150000,0.000000,0.000000,cpu,0,0
1790531774.718411,48.500000,0.000000,0.000000,cpu,0,0
1790531774.818523,49.050000,0.000000,0.000000,cpu,0,0
1790531774.918642,48.500000,0.000000,0.000000,cpu,0,0
1790531775.018765,48.500000,0.000000,0.000000,cpu,0,0
1790531775.118870,49.600000,0.000000,0.000000,cpu,0,0
1790531775.218979,49.050000,0.000000,0.000000,cpu,0,0
1790531775.319088,47.950000,0.000000,0.000000,cpu,0,0
1790531775.419263,49.050000,0.000000,0.000000,cpu,0,0
1790531775.519424,49.050000,0.000000,0.000000,cpu,0,0
1790531775.619537,49.050000,0.000000,0.000000,cpu,0,0
1790531775.719641,49.600000,0.000000,0.000000,cpu,0,0
1790531775.819762,49.600000,0.000000,0.000000,cpu,0,0
1790531775.919890,49.050000,0.000000,0.000000,cpu,0,0
1790531776.020004,49.050000,0.000000,0.000000,cpu,0,0
1790531776.120103,49.050000,0.000000,0.000000,cpu,0,0
1790531776.220215,49.600000,0.000000,0.000000,cpu,0,0
1790531776.320323,49.600000,0.000000,0.000000,cpu,0,0
1790531776.420445,49.600000,0.000000,0.000000,cpu,0,0
1790531776.520564,48.500000,0.000000,0.000000,cpu,0,0
1790531776.620668,49.050000,0.000000,0.000000,cpu,0,0
1790531776.720766,49.050000,0.000000,0.000000,cpu,0,0
1790531776.820877,49.050000,0.000000,0.000000,cpu,0,0
1790531776.920997,49.050000,0.000000,0.000000,cpu,0,0
1790531777.021104,49.050000,0.000000,0.000000,cpu,0,0
1790531777.121202,50.150000,0.000000,0.000000,cpu,0,0
1790531777.221311,48.500000,0.000000,0.000000,cpu,0,0
1790531777.321417,50.150000,0.000000,0.000000,cpu,0,0
1790531777.421535,48.500000,0.000000,0.000000,cpu,0,0
1790531777.521653,48.500000,0.000000,0.000000,cpu,0,0
1790531777.621770,49.050000,0.000000,0.000000,cpu,0,0
1790531777.721886,49.050000,0.000000,0.000000,cpu,0,0
1790531777.822001,49.600000,0.000000,0.000000,cpu,0,0
1790531777.922120,49.050000,0.000000,0.000000,cpu,0,0
1790531778.022232,49.050000,0.000000,0.000000,cpu,0,0
1790531778.122336,49.050000,0.000000,0.000000,cpu,0,0
1790531778.222443,48.500000,0.000000,0.000000,cpu,0,0
1790531778.322552,48.500000,0.000000,0.000000,cpu,0,0
1790531778.422674,47.400000,0.000000,0.000000,cpu,0,0
1790531778.522795,49.050000,0.000000,0.000000,cpu,0,0
1790531778.622896,49.050000,0.000000,0.000000,cpu,0,0
1790531778.723008,49.050000,0.000000,0.000000,cpu,0,0
1790531778.823128,49.050000,0.000000,0.000000,cpu,0,0
1790531778.923248,49.050000,0.000000,0.000000,cpu,0,0
1790531779.023362,49.050000,0.000000,0.000000,cpu,0,0
1790531779.123465,49.050000,0.000000,0.000000,cpu,0,0
1790531779.223575,49.050000,0.000000,0.000000,cpu,0,0
1790531779.323679,48.500000,0.000000,0.000000,cpu,0,0
1790531779.423799,49.050000,0.000000,0.000000,cpu,0,0
1790531779.523918,49.050000,0.000000,0.000000,cpu,0,0
1790531779.624020,49.050000,0.000000,0.000000,cpu,0,0
1790531779.724128,49.050000,0.000000,0.000000,cpu,0,0
1790531779.824244,48.500000,0.000000,0.000000,cpu,0,0
1790531779.924364,49.600000,0.000000,0.000000,cpu,0,0
1790531780.024476,49.050000,0.000000,0.000000,cpu,0,0
1790531780.124579,49.050000,0.000000,0.000000,cpu,0,0
1790531780.224689,49.050000,0.000000,0.000000,cpu,0,0
1790531780.324800,48.500000,0.000000,0.000000,cpu,0,0
1790531780.424985,49.050000,0.000000,0.000000,cpu,0,0
1790531780.525142,49.050000,0.000000,0.000000,cpu,0,0
1790531780.625251,49.050000,0.000000,0.000000,cpu,0,0
1790531780.725359,49.050000,0.000000,0.000000,cpu,0,0
1790531780.825475,48.500000,0.000000,0.000000,cpu,0,0
1790531780.925606,47.950000,0.000000,0.000000,cpu,0,0
1790531781.025729,49.050000,0.000000,0.000000,cpu,0,0
1790531781.125835,49.050000,0.000000,0.000000,cpu,0,0
1790531781.225947,48.500000,0.000000,0.000000,cpu,0,0
1790531781.326056,50.150000,0.000000,0.000000,cpu,0,0
1790531781.426178,49.600000,0.000000,0.000000,cpu,0,0
1790531781.526300,49.050000,0.000000,0.000000,cpu,0,0
1790531781.626400,48.500000,0.000000,0.000000,cpu,0,0
1790531781.726511,49.050000,0.000000,0.000000,cpu,0,0
1790531781.826639,47.950000,0.000000,0.000000,cpu,0,0
1790531781.926759,50.150000,0.000000,0.000000,cpu,0,0
1790531782.026870,48.500000,0.000000,0.000000,cpu,0,0
1790531782.126972,48.500000,0.000000,0.000000,cpu,0,0
1790531782.227085,50.150000,0.000000,0.000000,cpu,0,0
1790531782.327199,49.050000,0.000000,0.000000,cpu,0,0
1790531782.427315,49.050000,0.000000,0.000000,cpu,0,0
1790531782.527434,49.050000,0.000000,0.000000,cpu,0,0
1790531782.627559,47.950000,0.000000,0.000000,cpu,0,0
1790531782.727664,49.600000,0.000000,0.000000,cpu,0,0
1790531782.827780,49.600000,0.000000,0.000000,cpu,0,0
1790531782.927900,49.050000,0.000000,0.000000,cpu,0,0
1790531783.028013,49.050000,0.000000,0.000000,cpu,0,0
1790531783.128117,49.600000,0.000000,0.000000,cpu,0,0
1790531783.228230,49.050000,0.000000,0.000000,cpu,0,0
1790531783.328340,49.050000,0.000000,0.000000,cpu,0,0
1790531783.428459,48.500000,0.000000,0.000000,cpu,0,0
1790531783.528578,47.950000,0.000000,0.000000,cpu,0,0
1790531783.628680,49.600000,0.000000,0.000000,cpu,0,0
1790531783.728784,49.050000,0.000000,0.000000,cpu,0,0
1790531783.828899,47.950000,0.000000,0.000000,cpu,0,0
1790531783.929016,47.950000,0.000000,0.000000,cpu,0,0
1790531784.029124,49.050000,0.000000,0.000000,cpu,0,0
1790531784.129228,49.600000,0.000000,0.000000,cpu,0,0
1790531784.229337,49.600000,0.000000,0.000000,cpu,0,0
1790531784.329442,48.500000,0.000000,0.000000,cpu,0,0
1790531784.429563,48.500000,0.000000,0.000000,cpu,0,0
1790531784.529680,48.500000,0.000000,0.000000,cpu,0,0
1790531784.629788,48.500000,0.000000,0.000000,cpu,0,0
1790531784.729902,49.050000,0.000000,0.000000,cpu,0,0
1790531784.830028,48.500000,0.000000,0.000000,cpu,0,0
1790531784.930149,49.050000,0.000000,0.000000,cpu,0,0
1790531785.030266,49.050000,0.000000,0.000000,cpu,0,0
1790531785.130369,49.050000,0.000000,0.000000,cpu,0,0
1790531785.230482,49.050000,0.000000,0.000000,cpu,0,0
1790531785.330595,48.500000,0.000000,0.000000,cpu,0,0
1790531785.430767,49.050000,0.000000,0.000000,cpu,0,0
1790531785.530922,49.050000,0.000000,0.000000,cpu,0,0
1790531785.631039,48.500000,0.000000,0.000000,cpu,0,0
1790531785.731149,48.500000,0.000000,0.000000,cpu,0,0
1790531785.831273,49.050000,0.000000,0.000000,cpu,0,0
1790531785.931396,47.950000,0.000000,0.000000,cpu,0,0
1790531786.031517,49.050000,0.000000,0.000000,cpu,0,0
1790531786.131631,48.500000,0.000000,0.000000,cpu,0,0
1790531786.231744,47.950000,0.000000,0.000000,cpu,0,0
1790531786.331851,49.050000,0.000000,0.000000,cpu,0,0
1790531786.431973,49.600000,0.000000,0.000000,cpu,0,0
1790531786.532094,48.500000,0.000000,0.000000,cpu,0,0
1790531786.632196,48.500000,0.000000,0.000000,cpu,0,0
1790531786.732302,48.500000,0.000000,0.000000,cpu,0,0
1790531786.832415,49.050000,0.000000,0.000000,cpu,0,0
1790531786.932535,49.600000,0.000000,0.000000,cpu,0,0
1790531787.032649,49.050000,0.000000,0.000000,cpu,0,0
1790531787.132753,49.050000,0.000000,0.000000,cpu,0,0
1790531787.232864,49.600000,0.000000,0.000000,cpu,0,0
1790531787.332987,49.050000,0.000000,0.000000,cpu,0,0
1790531787.433111,48.500000,0.000000,0.000000,cpu,0,0
1790531787.533231,49.050000,0.000000,0.000000,cpu,0,0
1790531787.633335,49.050000,0.000000,0.000000,cpu,0,0
1790531787.733449,47.400000,0.000000,0.000000,cpu,0,0
1790531787.833573,49.050000,0.000000,0.000000,cpu,0,0
1790531787.933694,48.500000,0.000000,0.000000,cpu,0,0
1790531788.033805,50.150000,0.000000,0.000000,cpu,0,0
1790531788.133909,50.150000,0.000000,0.000000,cpu,0,0
1790531788.234020,48.500000,0.000000,0.000000,cpu,0,0
1790531788.334135,49.050000,0.000000,0.000000,cpu,0,0
1790531788.434258,49.050000,0.000000,0.000000,cpu,0,0
1790531788.534378,48.500000,0.000000,0.000000,cpu,0,0
1790531788.634481,48.500000,0.000000,0.000000,cpu,0,0
1790531788.734588,49.600000,0.000000,0.000000,cpu,0,0
1790531788.834700,49.050000,0.000000,0.000000,cpu,0,0
1790531788.934820,48.500000,0.000000,0.000000,cpu,0,0
1790531789.034935,49.050000,0.000000,0.000000,cpu,0,0
1790531789.135036,48.500000,0.000000,0.000000,cpu,0,0
1790531789.235146,49.050000,0.000000,0.000000,cpu,0,0
1790531789.335256,48.500000,0.000000,0.000000,cpu,0,0
1790531789.435375,48.500000,0.000000,0.000000,cpu,0,0
1790531789.535493,50.150000,0.000000,0.000000,cpu,0,0
1790531789.635595,50.700000,0.000000,0.000000,cpu,0,0
1790531789.735701,50.150000,0.000000,0.000000,cpu,0,0
1790531789.835814,47.950000,0.000000,0.000000,cpu,0,0
1790531789.935935,47.950000,0.000000,0.000000,cpu,0,0
1790531790.036046,48.500000,0.000000,0.000000,cpu,0,0
1790531790.136149,49.050000,0.000000,0.000000,cpu,0,0
1790531790.236263,49.600000,0.000000,0.000000,cpu,0,0
1790531790.336373,49.050000,0.000000,0.000000,cpu,0,0
1790531790.436550,47.950000,0.000000,0.000000,cpu,0,0
1790531790.536708,49.600000,0.000000,0.000000,cpu,0,0
1790531790.636822,49.050000,0.000000,0.000000,cpu,0,0
1790531790.736953,48.500000,0.000000,0.000000,cpu,0,0
1790531790.837100,49.050000,0.000000,0.000000,cpu,0,0
1790531790.937224,49.050000,0.000000,0.000000,cpu,0,0
1790531791.037340,48.500000,0.000000,0.000000,cpu,0,0
1790531791.137453,49.050000,0.000000,0.000000,cpu,0,0
1790531791.237571,48.500000,0.000000,0.000000,cpu,0,0
1790531791.337683,48.500000,0.000000,0.000000,cpu,0,0
1790531791.437805,48.500000,0.000000,0.000000,cpu,0,0
1790531791.537924,49.050000,0.000000,0.000000,cpu,0,0
1790531791.638024,48.500000,0.000000,0.000000,cpu,0,0
1790531791.738129,48.500000,0.000000,0.000000,cpu,0,0
1790531791.838248,49.600000,0.000000,0.000000,cpu,0,0
1790531791.938370,48.500000,0.000000,0.000000,cpu,0,0
1790531792.038481,48.500000,0.000000,0.000000,cpu,0,0
1790531792.138582,46.850000,0.000000,0.000000,cpu,0,0
1790531792.238689,49.050000,0.000000,0.000000,cpu,0,0
1790531792.338799,49.050000,0.000000,0.000000,cpu,0,0
1790531792.438920,49.050000,0.000000,0.000000,cpu,0,0
1790531792.539034,50.150000,0.000000,0.000000,cpu,0,0
1790531792.639134,48.500000,0.000000,0.000000,cpu,0,0
1790531792.739238,48.500000,0.000000,0.000000,cpu,0,0
1790531792.839351,49.050000,0.000000,0.000000,cpu,0,0
1790531792.939468,48.500000,0.000000,0.000000,cpu,0,0
1790531793.039581,49.050000,0.000000,0.000000,cpu,0,0
1790531793.139683,50.150000,0.000000,0.000000,cpu,0,0
1790531793.239793,49.050000,0.000000,0.000000,cpu,0,0
1790531793.339903,49.050000,0.000000,0.000000,cpu,0,0
1790531793.440024,49.050000,0.000000,0.000000,cpu,0,0
1790531793.540143,49.050000,0.000000,0.000000,cpu,0,0
1790531793.640254,49.050000,0.000000,0.000000,cpu,0,0
1790531793.740362,50.150000,0.000000,0.000000,cpu,0,0
1790531793.840479,48.500000,0.000000,0.000000,cpu,0,0
1790531793.940599,49.050000,0.000000,0.000000,cpu,0,0
1790531794.040711,48.500000,0.000000,0.000000,cpu,0,0
1790531794.140813,48.500000,0.000000,0.000000,cpu,0,0
1790531794.240918,48.500000,0.000000,0.000000,cpu,0,0
1790531794.341025,49.050000,0.000000,0.000000,cpu,0,0
1790531794.441145,48.500000,0.000000,0.000000,cpu,0,0
1790531794.541266,48.500000,0.000000,0.000000,cpu,0,0
1790531794.641370,49.050000,0.000000,0.000000,cpu,0,0
1790531794.741473,48.500000,0.000000,0.000000,cpu,0,0
1790531794.841582,49.050000,0.000000,0.000000,cpu,0,0
1790531794.941695,48.500000,0.000000,0.000000,cpu,0,0
1790531795.041804,49.050000,0.000000,0.000000,cpu,0,0
1790531795.141901,47.400000,0.000000,0.000000,cpu,0,0
1790531795.242004,49.600000,0.000000,0.000000,cpu,0,0
1790531795.342115,48.500000,0.000000,0.000000,cpu,0,0
1790531795.442290,49.050000,0.000000,0.000000,cpu,0,0
1790531795.542437,49.050000,0.000000,0.000000,cpu,0,0
1790531795.642538,49.050000,0.000000,0.000000,cpu,0,0
1790531795.742642,47.400000,0.000000,0.000000,cpu,0,0
1790531795.842752,48.500000,0.000000,0.000000,cpu,0,0
1790531795.942874,49.050000,0.000000,0.000000,cpu,0,0
1790531796.042985,49.050000,0.000000,0.000000,cpu,0,0
1790531796.143089,47.950000,0.000000,0.000000,cpu,0,0
1790531796.243203,48.500000,0.000000,0.000000,cpu,0,0
1790531796.343326,49.050000,0.000000,0.000000,cpu,0,0
1790531796.443448,49.050000,0.000000,0.000000,cpu,0,0
1790531796.543564,48.500000,0.000000,0.000000,cpu,0,0
1790531796.643664,47.400000,0.000000,0.000000,cpu,0,0
1790531796.743773,49.050000,0.000000,0.000000,cpu,0,0
1790531796.843895,50.150000,0.000000,0.000000,cpu,0,0
1790531796.944016,48.500000,0.000000,0.000000,cpu,0,0
1790531797.044126,49.050000,0.000000,0.000000,cpu,0,0
1790531797.144230,49.050000,0.000000,0.000000,cpu,0,0
1790531797.244341,49.600000,0.000000,0.000000,cpu,0,0
1790531797.344457,48.500000,0.000000,0.000000,cpu,0,0
1790531797.444579,48.500000,0.000000,0.000000,cpu,0,0
1790531797.544690,50.150000,0.000000,0.000000,cpu,0,0
1790531797.644789,48.500000,0.000000,0.000000,cpu,0,0
1790531797.744898,48.500000,0.000000,0.000000,cpu,0,0
1790531797.845009,49.050000,0.000000,0.000000,cpu,0,0
1790531797.945129,49.600000,0.000000,0.000000,cpu,0,0
1790531798.045239,48.500000,0.000000,0.000000,cpu,0,0
1790531798.145342,47.950000,0.000000,0.000000,cpu,0,0
1790531798.245451,49.050000,0.000000,0.000000,cpu,0,0
1790531798.345574,48.500000,0.000000,0.000000,cpu,0,0
1790531798.445695,46.850000,0.000000,0.000000,cpu,0,0
1790531798.545809,48.500000,0.000000,0.000000,cpu,0,0
1790531798.645910,50.150000,0.000000,0.000000,cpu,0,0
1790531798.746012,49.050000,0.000000,0.000000,cpu,0,0
1790531798.846123,49.050000,0.000000,0.000000,cpu,0,0
1790531798.946242,49.050000,0.000000,0.000000,cpu,0,0
1790531799.046352,49.050000,0.000000,0.000000,cpu,0,0
1790531799.146456,49.050000,0.000000,0.000000,cpu,0,0
1790531799.246561,49.050000,0.000000,0.000000,cpu,0,0
1790531799.346680,49.050000,0.000000,0.000000,cpu,0,0
1790531799.446799,49.050000,0.000000,0.000000,cpu,0,0
1790531799.546907,49.050000,0.000000,0.000000,cpu,0,0
1790531799.647006,47.950000,0.000000,0.000000,cpu,0,0
1790531799.747112,48.500000,0.000000,0.000000,cpu,0,0
1790531799.847233,47.950000,0.000000,0.000000,cpu,0,0
1790531799.947351,49.050000,0.000000,0.000000,cpu,0,0
1790531800.047463,49.050000,0.000000,0.000000,cpu,0,0
1790531800.147565,48.500000,0.000000,0.000000,cpu,0,0
1790531800.247674,48.500000,0.000000,0.000000,cpu,0,0
1790531800.347793,49.050000,0.000000,0.000000,cpu,0,0
1790531800.447973,49.050000,0.000000,0.000000,cpu,0,0
1790531800.548127,48.500000,0.000000,0.000000,cpu,0,0
1790531800.648230,49.050000,0.000000,0.000000,cpu,0,0
1790531800.748332,47.950000,0.000000,0.000000,cpu,0,0
1790531800.848446,49.600000,0.000000,0.000000,cpu,0,0
1790531800.948564,49.050000,0.000000,0.000000,cpu,0,0
1790531801.048674,48.500000,0.000000,0.000000,cpu,0,0
1790531801.148778,48.500000,0.000000,0.000000,cpu,0,0
1790531801.248889,49.050000,0.000000,0.000000,cpu,0,0
1790531801.349008,48.500000,0.000000,0.000000,cpu,0,0
1790531801.449134,49.600000,0.000000,0.000000,cpu,0,0
1790531801.549249,49.050000,0.000000,0.000000,cpu,0,0
1790531801.649350,48.500000,0.000000,0.000000,cpu,0,0
1790531801.749453,47.400000,0.000000,0.000000,cpu,0,0
1790531801.849558,49.050000,0.000000,0.000000,cpu,0,0
1790531801.949671,48.500000,0.000000,0.000000,cpu,0,0
1790531802.049776,49.050000,0.000000,0.000000,cpu,0,0
1790531802.149872,50.150000,0.000000,0.000000,cpu,0,0
1790531802.249976,48.500000,0.000000,0.000000,cpu,0,0
1790531802.350090,49.050000,0.000000,0.000000,cpu,0,0
1790531802.450203,48.500000,0.000000,0.000000,cpu,0,0
1790531802.550312,49.050000,0.000000,0.000000,cpu,0,0
1790531802.650419,48.500000,0.000000,0.000000,cpu,0,0
1790531802.750544,49.050000,0.000000,0.000000,cpu,0,0
1790531802.850677,48.500000,0.000000,0.000000,cpu,0,0
1790531802.950795,49.050000,0.000000,0.000000,cpu,0,0
1790531803.050910,49.050000,0.000000,0.000000,cpu,0,0
1790531803.151014,47.400000,0.000000,0.000000,cpu,0,0
1790531803.251124,48.500000,0.000000,0.000000,cpu,0,0
1790531803.351244,49.050000,0.000000,0.000000,cpu,0,0
1790531803.451365,49.050000,0.000000,0.000000,cpu,0,0
1790531803.551477,49.050000,0.000000,0.000000,cpu,0,0
1790531803.651580,48.500000,0.000000,0.000000,cpu,0,0
1790531803.751685,49.050000,0.000000,0.000000,cpu,0,0
1790531803.851797,48.500000,0.000000,0.000000,cpu,0,0
1790531803.951916,49.600000,0.000000,0.000000,cpu,0,0
1790531804.052023,48.500000,0.000000,0.000000,cpu,0,0
1790531804.152127,48.500000,0.000000,0.000000,cpu,0,0
1790531804.252238,49.050000,0.000000,0.000000,cpu,0,0
1790531804.352363,49.050000,0.000000,0.000000,cpu,0,0
1790531804.452480,49.050000,0.000000,0.000000,cpu,0,0
1790531804.552592,48.500000,0.000000,0.000000,cpu,0,0
1790531804.652693,47.400000,0.000000,0.000000,cpu,0,0
1790531804.752796,49.050000,0.000000,0.000000,cpu,0,0
1790531804.852903,49.050000,0.000000,0.000000,cpu,0,0
1790531804.953005,49.050000,0.000000,0.000000,cpu,0,0
1790531805.053115,48.500000,0.000000,0.000000,cpu,0,0
1790531805.153219,48.500000,0.000000,0.000000,cpu,0,0
1790531805.253330,49.050000,0.000000,0.000000,cpu,0,0
1790531805.353454,49.050000,0.000000,0.000000,cpu,0,0
1790531805.453641,49.050000,0.000000,0.000000,cpu,0,0
1790531805.553790,48.500000,0.000000,0.000000,cpu,0,0
1790531805.653897,48.500000,0.000000,0.000000,cpu,0,0
1790531805.754003,48.500000,0.000000,0.000000,cpu,0,0
1790531805.854111,48.500000,0.000000,0.000000,cpu,0,0
1790531805.954232,49.050000,0.000000,0.000000,cpu,0,0
1790531806.054343,49.050000,0.000000,0.000000,cpu,0,0
1790531806.154446,49.050000,0.000000,0.000000,cpu,0,0
1790531806.254555,49.050000,0.000000,0.000000,cpu,0,0
1790531806.354673,49.050000,0.000000,0.000000,cpu,0,0
1790531806.454801,50.700000,0.000000,0.000000,cpu,0,0
1790531806.554919,49.050000,0.000000,0.000000,cpu,0,0
1790531806.655026,48.500000,0.000000,0.000000,cpu,0,0
1790531806.755130,49.050000,0.000000,0.000000,cpu,0,0
1790531806.855235,48.500000,0.000000,0.000000,cpu,0,0
1790531806.955353,49.050000,0.000000,0.000000,cpu,0,0
1790531807.055463,49.050000,0.000000,0.000000,cpu,0,0
1790531807.155567,49.050000,0.000000,0.000000,cpu,0,0
1790531807.255675,49.600000,0.000000,0.000000,cpu,0,0
1790531807.355792,50.700000,0.000000,0.000000,cpu,0,0
1790531807.455910,48.500000,0.000000,0.000000,cpu,0,0
1790531807.556023,49.050000,0.000000,0.000000,cpu,0,0
1790531807.656123,47.950000,0.000000,0.000000,cpu,0,0
1790531807.756225,49.050000,0.000000,0.000000,cpu,0,0
1790531807.856339,48.500000,0.000000,0.000000,cpu,0,0
1790531807.956457,49.050000,0.000000,0.000000,cpu,0,0
1790531808.056565,49.050000,0.000000,0.000000,cpu,0,0
1790531808.156666,49.050000,0.000000,0.000000,cpu,0,0
1790531808.256777,49.050000,0.000000,0.000000,cpu,0,0
1790531808.356898,49.600000,0.000000,0.000000,cpu,0,0
1790531808.457020,48.500000,0.000000,0.000000,cpu,0,0
1790531808.557131,48.500000,0.000000,0.000000,cpu,0,0
1790531808.657235,48.500000,0.000000,0.000000,cpu,0,0
1790531808.757374,50.700000,0.000000,0.000000,cpu,0,0
1790531808.857508,50.700000,0.000000,0.000000,cpu,0,0
1790531808.957624,49.050000,0.000000,0.000000,cpu,0,0
1790531809.057732,48.500000,0.000000,0.000000,cpu,0,0
1790531809.157832,49.050000,0.000000,0.000000,cpu,0,0
1790531809.257940,48.500000,0.000000,0.000000,cpu,0,0
1790531809.358053,47.950000,0.000000,0.000000,cpu,0,0
1790531809.458166,48.500000,0.000000,0.000000,cpu,0,0
1790531809.558275,49.050000,0.000000,0.000000,cpu,0,0
1790531809.658380,47.400000,0.000000,0.000000,cpu,0,0
1790531809.758484,48.500000,0.000000,0.000000,cpu,0,0
1790531809.858597,49.050000,0.000000,0.000000,cpu,0,0
1790531809.958717,48.500000,0.000000,0.000000,cpu,0,0
1790531810.058829,48.500000,0.000000,0.000000,cpu,0,0
1790531810.158929,49.050000,0.000000,0.000000,cpu,0,0
1790531810.259040,48.500000,0.000000,0.000000,cpu,0,0
1790531834.635535,49.600000,0.000000,0.000000,cpu,0,0
1790531834.735835,50.150000,0.000000,0.000000,cpu,0,0
1790531834.835977,51.250000,0.000000,0.000000,cpu,0,0
1790531834.936074,50.700000,0.000000,0.000000,cpu,0,0
1790531835.036163,49.600000,0.000000,0.000000,cpu,0,0
1790531835.136249,50.700000,0.000000,0.000000,cpu,0,0
1790531835.236331,50.700000,0.000000,0.000000,cpu,0,0
1790531835.336418,50.700000,0.000000,0.000000,cpu,0,0
1790531835.436504,50.150000,0.000000,0.000000,cpu,0,0
1790531835.536592,50.150000,0.000000,0.000000,cpu,0,0
1790531835.636680,50.700000,0.000000,0.000000,cpu,0,0
1790531835.736771,49.600000,0.000000,0.000000,cpu,0,0
1790531835.836868,50.150000,0.000000,0.000000,cpu,0,0
1790531835.936954,50.700000,0.000000,0.000000,cpu,0,0
1790531836.037049,50.700000,0.000000,0.000000,cpu,0,0
1790531836.137137,50.700000,0.000000,0.000000,cpu,0,0
1790531836.237219,51.250000,0.000000,0.000000,cpu,0,0
1790531836.337304,50.150000,0.000000,0.000000,cpu,0,0
1790531836.437389,50.700000,0.000000,0.000000,cpu,0,0
1790531836.537477,50.700000,0.000000,0.000000,cpu,0,0
1790531836.637564,51.250000,0.000000,0.000000,cpu,0,0
1790531836.737660,51.250000,0.000000,0.000000,cpu,0,0
1790531836.837762,51.250000,0.000000,0.000000,cpu,0,0
1790531836.937848,50.700000,0.000000,0.000000,cpu,0,0
1790531837.037936,50.700000,0.000000,0.000000,cpu,0,0
1790531837.138022,50.700000,0.000000,0.000000,cpu,0,0
1790531837.238114,50.700000,0.000000,0.000000,cpu,0,0
1790531837.338199,51.250000,0.000000,0.000000,cpu,0,0
1790531837.438284,51.250000,0.000000,0.000000,cpu,0,0
1790531837.538370,50.700000,0.000000,0.000000,cpu,0,0
1790531837.638464,50.700000,0.000000,0.000000,cpu,0,0
1790531837.738571,50.700000,0.000000,0.000000,cpu,0,0
1790531837.838675,51.250000,0.000000,0.000000,cpu,0,0
1790531837.938763,52.350000,0.000000,0.000000,cpu,0,0
1790531838.038852,50.150000,0.000000,0.000000,cpu,0,0
1790531838.138940,50.150000,0.000000,0.000000,cpu,0,0
1790531838.239020,50.700000,0.000000,0.000000,cpu,0,0
1790531838.339104,50.700000,0.000000,0.000000,cpu,0,0
1790531838.439198,50.150000,0.000000,0.000000,cpu,0,0
1790531838.539308,50.150000,0.000000,0.000000,cpu,0,0
1790531838.639418,50.150000,0.000000,0.000000,cpu,0,0
1790531838.739557,50.150000,0.000000,0.000000,cpu,0,0
1790531838.839699,50.150000,0.000000,0.000000,cpu,0,0
1790531838.939811,49.600000,0.000000,0.000000,cpu,0,0
1790531839.039925,50.700000,0.000000,0.000000,cpu,0,0
1790531839.140040,50.150000,0.000000,0.000000,cpu,0,0
1790531839.240144,51.250000,0.000000,0.000000,cpu,0,0
1790531839.340250,50.150000,0.000000,0.000000,cpu,0,0
1790531839.440360,50.700000,0.000000,0.000000,cpu,0,0
1790531839.540467,49.600000,0.000000,0.000000,cpu,0,0
1790531839.640573,50.150000,0.000000,0.000000,cpu,0,0
1790531839.740746,49.050000,0.000000,0.000000,cpu,0,0
1790531839.840945,50.150000,0.000000,0.000000,cpu,0,0
1790531839.941103,51.250000,0.000000,0.000000,cpu,0,0
1790531840.041218,50.150000,0.000000,0.000000,cpu,0,0
1790531840.141333,49.600000,0.000000,0.000000,cpu,0,0
1790531840.241439,49.600000,0.000000,0.000000,cpu,0,0
1790531840.341552,50.150000,0.000000,0.000000,cpu,0,0
1790531840.441658,50.700000,0.000000,0.000000,cpu,0,0
1790531840.541757,49.600000,0.000000,0.000000,cpu,0,0
1790531840.641854,49.050000,0.000000,0.000000,cpu,0,0
1790531840.741968,49.050000,0.000000,0.000000,cpu,0,0
1790531840.842084,49.600000,0.000000,0.000000,cpu,0,0
1790531840.942184,50.150000,0.000000,0.000000,cpu,0,0
1790531841.042280,49.600000,0.000000,0.000000,cpu,0,0
1790531841.142379,50.150000,0.000000,0.000000,cpu,0,0
1790531841.242480,50.150000,0.000000,0.000000,cpu,0,0
1790531841.342586,49.600000,0.000000,0.000000,cpu,0,0
1790531841.442698,49.600000,0.000000,0.000000,cpu,0,0
1790531841.542798,50.150000,0.000000,0.000000,cpu,0,0
1790531841.642913,49.600000,0.000000,0.000000,cpu,0,0
1790531841.743040,49.600000,0.000000,0.000000,cpu,0,0
1790531841.843151,49.600000,0.000000,0.000000,cpu,0,0
1790531841.943254,49.050000,0.000000,0.000000,cpu,0,0
1790531842.043357,49.600000,0.000000,0.000000,cpu,0,0
1790531842.143459,49.600000,0.000000,0.000000,cpu,0,0
1790531842.243560,49.600000,0.000000,0.000000,cpu,0,0
1790531842.343668,50.700000,0.000000,0.000000,cpu,0,0
1790531842.443778,49.600000,0.000000,0.000000,cpu,0,0
1790531842.543882,50.150000,0.000000,0.000000,cpu,0,0
1790531842.643994,49.600000,0.000000,0.000000,cpu,0,0
1790531842.744122,49.600000,0.000000,0.000000,cpu,0,0
1790531842.844231,49.600000,0.000000,0.000000,cpu,0,0
1790531842.944332,49.600000,0.000000,0.000000,cpu,0,0
1790531843.044435,49.600000,0.000000,0.000000,cpu,0,0
1790531843.144536,49.600000,0.000000,0.000000,cpu,0,0
1790531843.244637,49.600000,0.000000,0.000000,cpu,0,0
1790531843.344747,49.600000,0.000000,0.000000,cpu,0,0
1790531843.444854,49.600000,0.000000,0.000000,cpu,0,0
1790531843.544959,49.600000,0.000000,0.000000,cpu,0,0
1790531843.645085,49.600000,0.000000,0.000000,cpu,0,0
1790531843.745197,50.150000,0.000000,0.000000,cpu,0,0
1790531843.845304,49.600000,0.000000,0.000000,cpu,0,0
1790531843.945403,49.050000,0.000000,0.000000,cpu,0,0
1790531844.045506,49.600000,0.000000,0.000000,cpu,0,0
1790531844.145606,50.150000,0.000000,0.000000,cpu,0,0
1790531844.245708,50.150000,0.000000,0.000000,cpu,0,0
1790531844.345818,49.600000,0.000000,0.000000,cpu,0,0
1790531844.445927,50.150000,0.000000,0.000000,cpu,0,0
1790531844.546031,50.700000,0.000000,0.000000,cpu,0,0
1790531844.646129,49.600000,0.000000,0.000000,cpu,0,0
1790531844.746302,50.150000,0.000000,0.000000,cpu,0,0
1790531844.846471,49.050000,0.000000,0.000000,cpu,0,0
1790531844.946583,49.600000,0.000000,0.000000,cpu,0,0
1790531845.046688,50.150000,0.000000,0.000000,cpu,0,0
1790531845.146788,50.150000,0.000000,0.000000,cpu,0,0
1790531845.246890,51.250000,0.000000,0.000000,cpu,0,0
1790531845.346999,49.050000,0.000000,0.000000,cpu,0,0
1790531845.447107,49.600000,0.000000,0.000000,cpu,0,0
1790531845.547212,49.600000,0.000000,0.000000,cpu,0,0
1790531845.647312,50.150000,0.000000,0.000000,cpu,0,0
1790531845.747439,49.600000,0.000000,0.000000,cpu,0,0
1790531845.847564,49.050000,0.000000,0.000000,cpu,0,0
1790531845.947666,49.600000,0.000000,0.000000,cpu,0,0
1790531846.047770,49.600000,0.000000,0.000000,cpu,0,0
1790531846.147870,49.600000,0.000000,0.000000,cpu,0,0
1790531846.247972,49.600000,0.000000,0.000000,cpu,0,0
1790531846.348082,51.250000,0.000000,0.000000,cpu,0,0
1790531846.448190,49.600000,0.000000,0.000000,cpu,0,0
1790531846.548294,49.600000,0.000000,0.000000,cpu,0,0
1790531846.648391,50.700000,0.000000,0.000000,cpu,0,0
1790531846.748504,49.600000,0.000000,0.000000,cpu,0,0
1790531846.848614,50.150000,0.000000,0.000000,cpu,0,0
1790531846.948714,49.600000,0.000000,0.000000,cpu,0,0
1790531847.048814,49.600000,0.000000,0.000000,cpu,0,0
1790531847.148915,49.050000,0.000000,0.000000,cpu,0,0
1790531847.249017,49.600000,0.000000,0.000000,cpu,0,0
1790531847.349127,49.600000,0.000000,0.000000,cpu,0,0
1790531847.449231,49.600000,0.000000,0.000000,cpu,0,0
1790531847.549330,49.050000,0.000000,0.000000,cpu,0,0
1790531847.649427,50.150000,0.000000,0.000000,cpu,0,0
1790531847.749549,47.950000,0.000000,0.000000,cpu,0,0
1790531847.849669,49.600000,0.000000,0.000000,cpu,0,0
1790531847.949769,50.150000,0.000000,0.000000,cpu,0,0
1790531848.049876,49.600000,0.000000,0.000000,cpu,0,0
1790531848.149982,50.700000,0.000000,0.000000,cpu,0,0
1790531848.250079,49.050000,0.000000,0.000000,cpu,0,0
1790531848.350185,49.050000,0.000000,0.000000,cpu,0,0
1790531848.450296,49.600000,0.000000,0.000000,cpu,0,0
1790531848.550399,49.600000,0.000000,0.000000,cpu,0,0
1790531848.650496,49.050000,0.000000,0.000000,cpu,0,0
1790531848.750616,49.600000,0.000000,0.000000,cpu,0,0
1790531848.850739,49.050000,0.000000,0.000000,cpu,0,0
1790531848.950839,50.150000,0.000000,0.000000,cpu,0,0
1790531849.050934,49.600000,0.000000,0.000000,cpu,0,0
1790531849.151031,49.600000,0.000000,0.000000,cpu,0,0
1790531849.251126,49.600000,0.000000,0.000000,cpu,0,0
1790531849.351230,49.600000,0.000000,0.000000,cpu,0,0
1790531849.451335,49.050000,0.000000,0.000000,cpu,0,0
1790531849.551432,49.600000,0.000000,0.000000,cpu,0,0
1790531849.651529,49.600000,0.000000,0.000000,cpu,0,0
1790531849.751689,49.600000,0.000000,0.000000,cpu,0,0
1790531849.851837,49.600000,0.000000,0.000000,cpu,0,0
1790531849.951948,49.050000,0.000000,0.000000,cpu,0,0
1790531850.052053,49.600000,0.000000,0.000000,cpu,0,0
1790531850.152160,50.700000,0.000000,0.000000,cpu,0,0
1790531850.252263,49.600000,0.000000,0.000000,cpu,0,0
1790531850.352375,49.050000,0.000000,0.000000,cpu,0,0
1790531850.452486,49.050000,0.000000,0.000000,cpu,0,0
1790531850.552588,49.050000,0.000000,0.000000,cpu,0,0
1790531850.652691,49.050000,0.000000,0.000000,cpu,0,0
1790531850.752847,49.050000,0.000000,0.000000,cpu,0,0
1790531850.852994,49.050000,0.000000,0.000000,cpu,0,0
1790531850.953100,49.050000,0.000000,0.000000,cpu,0,0
1790531851.053201,49.050000,0.000000,0.000000,cpu,0,0
1790531851.153302,49.600000,0.000000,0.000000,cpu,0,0
1790531851.253406,49.600000,0.000000,0.000000,cpu,0,0
1790531851.353518,49.600000,0.000000,0.000000,cpu,0,0
1790531851.453624,49.050000,0.000000,0.000000,cpu,0,0
1790531851.553724,49.600000,0.000000,0.000000,cpu,0,0
1790531851.653842,49.600000,0.000000,0.000000,cpu,0,0
1790531851.753968,49.050000,0.000000,0.000000,cpu,0,0
1790531851.854081,49.600000,0.000000,0.000000,cpu,0,0
1790531851.954185,48.500000,0.000000,0.000000,cpu,0,0
1790531852.054287,49.050000,0.000000,0.000000,cpu,0,0
1790531852.154388,50.700000,0.000000,0.000000,cpu,0,0
1790531852.254490,49.600000,0.000000,0.000000,cpu,0,0
1790531852.354601,49.050000,0.000000,0.000000,cpu,0,0
1790531852.454718,49.050000,0.000000,0.000000,cpu,0,0
1790531852.554823,48.500000,0.000000,0.000000,cpu,0,0
1790531852.654921,48.500000,0.000000,0.000000,cpu,0,0
1790531852.755044,49.600000,0.000000,0.000000,cpu,0,0
1790531852.855166,48.500000,0.000000,0.000000,cpu,0,0
1790531852.955271,49.600000,0.000000,0.000000,cpu,0,0
1790531853.055371,49.050000,0.000000,0.000000,cpu,0,0
1790531853.155472,49.600000,0.000000,0.000000,cpu,0,0
1790531853.255575,49.600000,0.000000,0.000000,cpu,0,0
1790531853.355686,49.050000,0.000000,0.000000,cpu,0,0
1790531853.455794,49.600000,0.000000,0.000000,cpu,0,0
1790531853.555904,49.600000,0.000000,0.000000,cpu,0,0
1790531853.656018,49.050000,0.000000,0.000000,cpu,0,0
1790531853.756149,48.500000,0.000000,0.000000,cpu,0,0
1790531853.856277,49.050000,0.000000,0.000000,cpu,0,0
1790531853.956381,49.050000,0.000000,0.000000,cpu,0,0
1790531854.056491,49.050000,0.000000,0.000000,cpu,0,0
1790531854.156600,49.050000,0.000000,0.000000,cpu,0,0
1790531854.256705,49.600000,0.000000,0.000000,cpu,0,0
1790531854.356815,49.600000,0.000000,0.000000,cpu,0,0
1790531854.456924,49.050000,0.000000,0.000000,cpu,0,0
1790531854.557026,49.600000,0.000000,0.000000,cpu,0,0
1790531854.657126,49.600000,0.000000,0.000000,cpu,0,0
1790531854.757294,49.600000,0.000000,0.000000,cpu,0,0
1790531854.857445,49.600000,0.000000,0.000000,cpu,0,0
1790531854.957548,49.050000,0.000000,0.000000,cpu,0,0
1790531855.057666,49.050000,0.000000,0.000000,cpu,0,0
1790531855.157780,49.050000,0.000000,0.000000,cpu,0,0
1790531855.257881,49.050000,0.000000,0.000000,cpu,0,0
1790531855.357992,47.950000,0.000000,0.000000,cpu,0,0
1790531855.458099,49.050000,0.000000,0.000000,cpu,0,0
1790531855.558203,48.500000,0.000000,0.000000,cpu,0,0
1790531855.658302,49.050000,0.000000,0.000000,cpu,0,0
1790531855.758431,49.600000,0.000000,0.000000,cpu,0,0
1790531855.858560,49.600000,0.000000,0.000000,cpu,0,0
1790531855.958666,50.150000,0.000000,0.000000,cpu,0,0
1790531856.058766,49.050000,0.000000,0.000000,cpu,0,0
1790531856.158866,49.600000,0.000000,0.000000,cpu,0,0
1790531856.258965,49.600000,0.000000,0.000000,cpu,0,0
1790531856.359076,49.600000,0.000000,0.000000,cpu,0,0
1790531856.459185,49.050000,0.000000,0.000000,cpu,0,0
1790531856.559289,49.600000,0.000000,0.000000,cpu,0,0
1790531856.659389,49.600000,0.000000,0.000000,cpu,0,0
1790531856.759528,49.600000,0.000000,0.000000,cpu,0,0
1790531856.859665,47.950000,0.000000,0.000000,cpu,0,0
1790531856.959772,50.150000,0.000000,0.000000,cpu,0,0
1790531857.059874,49.600000,0.000000,0.000000,cpu,0,0
1790531857.159976,49.050000,0.000000,0.000000,cpu,0,0
1790531857.260079,49.050000,0.000000,0.000000,cpu,0,0
1790531857.360192,50.700000,0.000000,0.000000,cpu,0,0
1790531857.460303,49.050000,0.000000,0.000000,cpu,0,0
1790531857.560405,49.050000,0.000000,0.000000,cpu,0,0
1790531857.660505,49.600000,0.000000,0.000000,cpu,0,0
1790531857.760632,49.050000,0.000000,0.000000,cpu,0,0
1790531857.860758,49.050000,0.000000,0.000000,cpu,0,0
1790531857.960863,49.600000,0.000000,0.000000,cpu,0,0
1790531858.060974,49.050000,0.000000,0.000000,cpu,0,0
1790531858.161075,49.050000,0.000000,0.000000,cpu,0,0
1790531858.261176,50.150000,0.000000,0.000000,cpu,0,0
1790531858.361288,49.050000,0.000000,0.000000,cpu,0,0
1790531858.461396,50.700000,0.000000,0.000000,cpu,0,0
1790531858.561497,49.600000,0.000000,0.000000,cpu,0,0
1790531858.661600,49.600000,0.000000,0.000000,cpu,0,0
1790531858.761712,49.050000,0.000000,0.000000,cpu,0,0
1790531858.861823,49.600000,0.000000,0.000000,cpu,0,0
1790531858.961923,49.050000,0.000000,0.000000,cpu,0,0
1790531859.062024,49.050000,0.000000,0.000000,cpu,0,0
1790531859.162123,48.500000,0.000000,0.000000,cpu,0,0
1790531859.262221,51.250000,0.000000,0.000000,cpu,0,0
1790531859.362332,49.050000,0.000000,0.000000,cpu,0,0
1790531859.462441,49.050000,0.000000,0.000000,cpu,0,0
1790531859.562541,49.050000,0.000000,0.000000,cpu,0,0
1790531859.662641,50.700000,0.000000,0.000000,cpu,0,0
1790531859.762816,49.600000,0.000000,0.000000,cpu,0,0
1790531859.862975,49.050000,0.000000,0.000000,cpu,0,0
1790531859.963080,49.600000,0.000000,0.000000,cpu,0,0
1790531860.063190,49.600000,0.000000,0.000000,cpu,0,0
1790531860.163296,49.600000,0.000000,0.000000,cpu,0,0
1790531860.263400,49.050000,0.000000,0.000000,cpu,0,0
1790531860.363512,49.600000,0.000000,0.000000,cpu,0,0
1790531860.463623,49.600000,0.000000,0.000000,cpu,0,0
1790531860.563726,49.050000,0.000000,0.000000,cpu,0,0
1790531860.663830,49.600000,0.000000,0.000000,cpu,0,0
1790531860.763955,48.500000,0.000000,0.000000,cpu,0,0
1790531860.864086,49.600000,0.000000,0.000000,cpu,0,0
1790531860.964194,49.600000,0.000000,0.000000,cpu,0,0
1790531861.064296,49.600000,0.000000,0.000000,cpu,0,0
1790531861.164398,49.600000,0.000000,0.000000,cpu,0,0
1790531861.264499,48.500000,0.000000,0.000000,cpu,0,0
1790531861.364605,49.050000,0.000000,0.000000,cpu,0,0
1790531861.464715,49.050000,0.000000,0.000000,cpu,0,0
1790531861.564816,49.050000,0.000000,0.000000,cpu,0,0
1790531861.664920,49.050000,0.000000,0.000000,cpu,0,0
1790531861.765043,49.600000,0.000000,0.000000,cpu,0,0
1790531861.865162,49.050000,0.000000,0.000000,cpu,0,0
1790531861.965267,49.600000,0.000000,0.000000,cpu,0,0
1790531862.065368,49.600000,0.000000,0.000000,cpu,0,0
1790531862.165469,49.600000,0.000000,0.000000,cpu,0,0
1790531862.265569,49.050000,0.000000,0.000000,cpu,0,0
1790531862.365674,49.050000,0.000000,0.000000,cpu,0,0
1790531862.465784,49.050000,0.000000,0.000000,cpu,0,0
1790531862.565884,49.050000,0.000000,0.000000,cpu,0,0
1790531862.665987,49.050000,0.000000,0.000000,cpu,0,0
1790531862.766130,49.050000,0.000000,0.000000,cpu,0,0
1790531862.866266,49.050000,0.000000,0.000000,cpu,0,0
1790531862.966372,49.050000,0.000000,0.000000,cpu,0,0
1790531863.066474,49.600000,0.000000,0.000000,cpu,0,0
1790531863.166576,47.950000,0.000000,0.000000,cpu,0,0
1790531863.266677,49.050000,0.000000,0.000000,cpu,0,0
1790531863.366785,49.050000,0.000000,0.000000,cpu,0,0
1790531863.466896,49.050000,0.000000,0.000000,cpu,0,0
1790531863.566994,49.600000,0.000000,0.000000,cpu,0,0
1790531863.667097,49.050000,0.000000,0.000000,cpu,0,0
1790531863.767222,49.050000,0.000000,0.000000,cpu,0,0
1790531863.867343,49.050000,0.000000,0.000000,cpu,0,0
1790531863.967448,47.400000,0.000000,0.000000,cpu,0,0
1790531864.067549,49.050000,0.000000,0.000000,cpu,0,0
1790531864.167651,49.600000,0.000000,0.000000,cpu,0,0
1790531864.267751,49.050000,0.000000,0.000000,cpu,0,0
1790531864.367859,48.500000,0.000000,0.000000,cpu,0,0
1790531864.467970,49.050000,0.000000,0.000000,cpu,0,0
1790531864.568074,48.500000,0.000000,0.000000,cpu,0,0
1790531864.668175,49.050000,0.000000,0.000000,cpu,0,0
1790531864.768347,49.050000,0.000000,0.000000,cpu,0,0
1790531864.868499,49.600000,0.000000,0.000000,cpu,0,0
1790531864.968605,48.500000,0.000000,0.000000,cpu,0,0
1790531865.068707,49.600000,0.000000,0.000000,cpu,0,0
1790531865.168808,49.600000,0.000000,0.000000,cpu,0,0
1790531865.268913,50.700000,0.000000,0.000000,cpu,0,0
1790531865.369025,49.050000,0.000000,0.000000,cpu,0,0
1790531865.469155,48.500000,0.000000,0.000000,cpu,0,0
1790531865.569272,50.150000,0.000000,0.000000,cpu,0,0
1790531865.669383,47.950000,0.000000,0.000000,cpu,0,0
1790531865.769497,49.600000,0.000000,0.000000,cpu,0,0
1790531865.869617,50.150000,0.000000,0.000000,cpu,0,0
1790531865.969733,49.050000,0.000000,0.000000,cpu,0,0
1790531866.069847,49.050000,0.000000,0.000000,cpu,0,0
1790531866.169955,50.150000,0.000000,0.000000,cpu,0,0
1790531866.270058,50.150000,0.000000,0.000000,cpu,0,0
1790531866.370157,49.050000,0.000000,0.000000,cpu,0,0
1790531866.470258,49.050000,0.000000,0.000000,cpu,0,0
1790531866.570372,47.950000,0.000000,0.000000,cpu,0,0
1790531866.670482,49.600000,0.000000,0.000000,cpu,0,0
1790531866.770598,49.600000,0.000000,0.000000,cpu,0,0
1790531866.870717,49.600000,0.000000,0.000000,cpu,0,0
1790531866.970829,49.050000,0.000000,0.000000,cpu,0,0
1790531867.070946,49.050000,0.000000,0.000000,cpu,0,0
1790531867.171067,49.600000,0.000000,0.000000,cpu,0,0
1790531867.271174,49.600000,0.000000,0.000000,cpu,0,0
1790531867.371277,49.600000,0.000000,0.000000,cpu,0,0
1790531867.471378,48.500000,0.000000,0.000000,cpu,0,0
1790531867.571492,47.950000,0.000000,0.000000,cpu,0,0
1790531867.671614,49.050000,0.000000,0.000000,cpu,0,0
1790531867.771733,48.500000,0.000000,0.000000,cpu,0,0
1790531867.871851,49.050000,0.000000,0.000000,cpu,0,0
1790531867.971968,49.050000,0.000000,0.000000,cpu,0,0
1790531868.072081,49.600000,0.000000,0.000000,cpu,0,0
1790531868.172192,49.050000,0.000000,0.000000,cpu,0,0
1790531868.272293,50.700000,0.000000,0.000000,cpu,0,0
1790531868.372395,49.050000,0.000000,0.000000,cpu,0,0
1790531868.472494,49.600000,0.000000,0.000000,cpu,0,0
1790531868.572605,49.600000,0.000000,0.000000,cpu,0,0
1790531868.672727,49.050000,0.000000,0.000000,cpu,0,0
1790531868.772880,49.050000,0.000000,0.000000,cpu,0,0
1790531868.873024,49.050000,0.000000,0.000000,cpu,0,0
1790531868.973136,49.050000,0.000000,0.000000,cpu,0,0
1790531869.073251,49.050000,0.000000,0.000000,cpu,0,0
1790531869.173366,49.050000,0.000000,0.000000,cpu,0,0
1790531869.273465,49.050000,0.000000,0.000000,cpu,0,0
1790531869.373564,49.600000,0.000000,0.000000,cpu,0,0
1790531869.473660,49.050000,0.000000,0.000000,cpu,0,0
1790531869.573766,48.500000,0.000000,0.000000,cpu,0,0
1790531869.673881,48.500000,0.000000,0.000000,cpu,0,0
1790531869.774059,49.050000,0.000000,0.000000,cpu,0,0
1790531869.874219,49.600000,0.000000,0.000000,cpu,0,0
1790531869.974330,48.500000,0.000000,0.000000,cpu,0,0
1790531870.074438,49.600000,0.000000,0.000000,cpu,0,0
1790531870.174544,49.600000,0.000000,0.000000,cpu,0,0
1790531870.274641,48.500000,0.000000,0.000000,cpu,0,0
1790531870.374747,49.050000,0.000000,0.000000,cpu,0,0
1790531870.474853,48.500000,0.000000,0.000000,cpu,0,0
1790531870.574964,49.600000,0.000000,0.000000,cpu,0,0
1790531870.675086,49.050000,0.000000,0.000000,cpu,0,0
1790531870.775199,49.050000,0.000000,0.000000,cpu,0,0
1790531870.875313,49.050000,0.000000,0.000000,cpu,0,0
1790531870.975425,49.050000,0.000000,0.000000,cpu,0,0
1790531871.075539,49.050000,0.000000,0.000000,cpu,0,0
1790531871.175653,47.950000,0.000000,0.000000,cpu,0,0
1790531871.275753,49.050000,0.000000,0.000000,cpu,0,0
1790531871.375857,49.050000,0.000000,0.000000,cpu,0,0
1790531871.475957,48.500000,0.000000,0.000000,cpu,0,0
1790531871.576062,48.500000,0.000000,0.000000,cpu,0,0
1790531871.676197,49.050000,0.000000,0.000000,cpu,0,0
1790531871.776318,49.050000,0.000000,0.000000,cpu,0,0
1790531871.876438,49.050000,0.000000,0.000000,cpu,0,0
1790531871.976554,49.600000,0.000000,0.000000,cpu,0,0
1790531872.076667,49.050000,0.000000,0.000000,cpu,0,0
1790531872.176779,49.600000,0.000000,0.000000,cpu,0,0
1790531872.276894,49.050000,0.000000,0.000000,cpu,0,0
1790531872.377003,49.050000,0.000000,0.000000,cpu,0,0
1790531872.477106,49.050000,0.000000,0.000000,cpu,0,0
1790531872.577205,49.050000,0.000000,0.000000,cpu,0,0
1790531872.677320,49.050000,0.000000,0.000000,cpu,0,0
1790531872.777433,49.600000,0.000000,0.000000,cpu,0,0
1790531872.877540,49.600000,0.000000,0.000000,cpu,0,0
1790531872.977641,47.950000,0.000000,0.000000,cpu,0,0
1790531873.077742,49.050000,0.000000,0.000000,cpu,0,0
1790531873.177843,50.150000,0.000000,0.000000,cpu,0,0
1790531873.277943,49.050000,0.000000,0.000000,cpu,0,0
1790531873.378044,49.600000,0.000000,0.000000,cpu,0,0
1790531873.478144,48.500000,0.000000,0.000000,cpu,0,0
1790531873.578246,48.500000,0.000000,0.000000,cpu,0,0
1790531873.678360,49.050000,0.000000,0.000000,cpu,0,0
1790531873.778476,49.050000,0.000000,0.000000,cpu,0,0
1790531873.878577,49.600000,0.000000,0.000000,cpu,0,0
1790531873.978678,48.500000,0.000000,0.000000,cpu,0,0
1790531874.078779,49.600000,0.000000,0.000000,cpu,0,0
1790531874.178880,49.050000,0.000000,0.000000,cpu,0,0
1790531874.278980,49.050000,0.000000,0.000000,cpu,0,0
1790531874.379079,48.500000,0.000000,0.000000,cpu,0,0
1790531874.479180,47.400000,0.000000,0.000000,cpu,0,0
1790531874.579280,49.050000,0.000000,0.000000,cpu,0,0
1790531874.679391,49.050000,0.000000,0.000000,cpu,0,0
1790531874.779584,49.050000,0.000000,0.000000,cpu,0,0
1790531874.879742,49.050000,0.000000,0.000000,cpu,0,0
1790531874.979846,47.950000,0.000000,0.000000,cpu,0,0
1790531875.079948,49.050000,0.000000,0.000000,cpu,0,0
1790531875.180057,48.500000,0.000000,0.000000,cpu,0,0
1790531875.280158,49.050000,0.000000,0.000000,cpu,0,0
1790531875.380257,49.050000,0.000000,0.000000,cpu,0,0
1790531875.480362,49.050000,0.000000,0.000000,cpu,0,0
1790531875.580473,50.150000,0.000000,0.000000,cpu,0,0
1790531875.680584,48.500000,0.000000,0.000000,cpu,0,0
1790531875.780695,49.050000,0.000000,0.000000,cpu,0,0
1790531875.880800,48.500000,0.000000,0.000000,cpu,0,0
1790531875.980902,49.600000,0.000000,0.000000,cpu,0,0
1790531876.081003,49.050000,0.000000,0.000000,cpu,0,0
1790531876.181104,49.050000,0.000000,0.000000,cpu,0,0
1790531876.281206,48.500000,0.000000,0.000000,cpu,0,0
1790531876.381303,49.050000,0.000000,0.000000,cpu,0,0
1790531876.481402,49.600000,0.000000,0.000000,cpu,0,0
1790531876.581503,48.500000,0.000000,0.000000,cpu,0,0
1790531876.681614,49.050000,0.000000,0.000000,cpu,0,0
1790531876.781725,49.050000,0.000000,0.000000,cpu,0,0
1790531876.881826,49.050000,0.000000,0.000000,cpu,0,0
1790531876.981927,49.050000,0.000000,0.000000,cpu,0,0
1790531877.082028,50.150000,0.000000,0.000000,cpu,0,0
1790531877.182128,49.050000,0.000000,0.000000,cpu,0,0
1790531877.282230,49.050000,0.000000,0.000000,cpu,0,0
1790531877.382335,47.950000,0.000000,0.000000,cpu,0,0
1790531877.482442,48.500000,0.000000,0.000000,cpu,0,0
1790531877.582545,48.500000,0.000000,0.000000,cpu,0,0
1790531877.682658,49.050000,0.000000,0.000000,cpu,0,0
1790531877.782783,49.050000,0.000000,0.000000,cpu,0,0
1790531877.882893,48.500000,0.000000,0.000000,cpu,0,0
1790531877.982995,49.600000,0.000000,0.000000,cpu,0,0
1790531878.083097,49.050000,0.000000,0.000000,cpu,0,0
1790531878.183198,49.050000,0.000000,0.000000,cpu,0,0
1790531878.283299,49.600000,0.000000,0.000000,cpu,0,0
1790531878.383401,49.600000,0.000000,0.000000,cpu,0,0
1790531878.483500,49.050000,0.000000,0.000000,cpu,0,0
1790531878.583600,49.600000,0.000000,0.000000,cpu,0,0
1790531878.683713,49.600000,0.000000,0.000000,cpu,0,0
1790531878.783827,49.050000,0.000000,0.000000,cpu,0,0
1790531878.883929,49.600000,0.000000,0.000000,cpu,0,0
1790531878.984029,49.050000,0.000000,0.000000,cpu,0,0
1790531879.084131,49.050000,0.000000,0.000000,cpu,0,0
1790531879.184231,49.050000,0.000000,0.000000,cpu,0,0
1790531879.284332,48.500000,0.000000,0.000000,cpu,0,0
1790531879.384433,49.050000,0.000000,0.000000,cpu,0,0
1790531879.484532,49.050000,0.000000,0.000000,cpu,0,0
1790531879.584630,49.050000,0.000000,0.000000,cpu,0,0
1790531879.684738,49.050000,0.000000,0.000000,cpu,0,0
1790531879.784930,49.050000,0.000000,0.000000,cpu,0,0
1790531879.885098,49.600000,0.000000,0.000000,cpu,0,0
1790531879.985202,49.600000,0.000000,0.000000,cpu,0,0
1790531880.085307,48.500000,0.000000,0.000000,cpu,0,0
1790531880.185408,49.050000,0.000000,0.000000,cpu,0,0
1790531880.285508,49.050000,0.000000,0.000000,cpu,0,0
1790531880.385610,49.050000,0.000000,0.000000,cpu,0,0
1790531880.485709,49.600000,0.000000,0.000000,cpu,0,0
1790531880.585819,49.600000,0.000000,0.000000,cpu,0,0
1790531880.685974,48.500000,0.000000,0.000000,cpu,0,0
1790531880.786156,50.150000,0.000000,0.000000,cpu,0,0
1790531880.886295,49.050000,0.000000,0.000000,cpu,0,0
1790531880.986396,49.600000,0.000000,0.000000,cpu,0,0
1790531881.086499,48.500000,0.000000,0.000000,cpu,0,0
1790531881.186600,49.050000,0.000000,0.000000,cpu,0,0
1790531881.286701,49.050000,0.000000,0.000000,cpu,0,0
1790531881.386802,48.500000,0.000000,0.000000,cpu,0,0
1790531881.486899,49.050000,0.000000,0.000000,cpu,0,0
1790531881.587001,49.050000,0.000000,0.000000,cpu,0,0
1790531881.687110,47.950000,0.000000,0.000000,cpu,0,0
1790531881.787227,49.050000,0.000000,0.000000,cpu,0,0
1790531881.887327,49.600000,0.000000,0.000000,cpu,0,0
1790531881.987427,50.150000,0.000000,0.000000,cpu,0,0
1790531882.087528,49.050000,0.000000,0.000000,cpu,0,0
1790531882.187630,50.150000,0.000000,0.000000,cpu,0,0
1790531882.287731,50.150000,0.000000,0.000000,cpu,0,0
1790531882.387832,49.600000,0.000000,0.000000,cpu,0,0
1790531882.487931,49.050000,0.000000,0.000000,cpu,0,0
1790531882.588036,49.600000,0.000000,0.000000,cpu,0,0
1790531882.688156,49.050000,0.000000,0.000000,cpu,0,0
1790531882.788272,50.150000,0.000000,0.000000,cpu,0,0
1790531882.888377,49.050000,0.000000,0.000000,cpu,0,0
1790531882.988479,48.500000,0.000000,0.000000,cpu,0,0
1790531883.088580,48.500000,0.000000,0.000000,cpu,0,0
1790531883.188681,49.050000,0.000000,0.000000,cpu,0,0
1790531883.288783,49.600000,0.000000,0.000000,cpu,0,0
1790531883.388884,49.600000,0.000000,0.000000,cpu,0,0
1790531883.488984,49.050000,0.000000,0.000000,cpu,0,0
1790531883.589083,48.500000,0.000000,0.000000,cpu,0,0
1790531883.689197,49.050000,0.000000,0.000000,cpu,0,0
1790531883.789314,50.150000,0.000000,0.000000,cpu,0,0
1790531883.889427,48.500000,0.000000,0.000000,cpu,0,0
1790531883.989531,48.500000,0.000000,0.000000,cpu,0,0
1790531884.089632,49.050000,0.000000,0.000000,cpu,0,0
1790531884.189733,49.050000,0.000000,0.000000,cpu,0,0
1790531884.289834,49.600000,0.000000,0.000000,cpu,0,0
1790531884.389934,49.050000,0.000000,0.000000,cpu,0,0
1790531884.490034,49.050000,0.000000,0.000000,cpu,0,0
1790531884.590131,49.050000,0.000000,0.000000,cpu,0,0
1790531884.690245,49.600000,0.000000,0.000000,cpu,0,0
1790531884.790429,49.600000,0.000000,0.000000,cpu,0,0
1790531884.890580,49.050000,0.000000,0.000000,cpu,0,0
1790531884.990688,49.050000,0.000000,0.000000,cpu,0,0
1790531885.090789,48.500000,0.000000,0.000000,cpu,0,0
1790531885.190891,49.050000,0.000000,0.000000,cpu,0,0
1790531885.290992,49.050000,0.000000,0.000000,cpu,0,0
1790531885.391093,49.050000,0.000000,0.000000,cpu,0,0
1790531885.491193,49.050000,0.000000,0.000000,cpu,0,0
1790531885.591291,49.050000,0.000000,0.000000,cpu,0,0
1790531885.691413,49.050000,0.000000,0.000000,cpu,0,0
1790531885.791530,49.050000,0.000000,0.000000,cpu,0,0
1790531885.891629,49.050000,0.000000,0.000000,cpu,0,0
1790531885.991726,49.050000,0.000000,0.000000,cpu,0,0
1790531886.091822,49.050000,0.000000,0.000000,cpu,0,0
1790531886.191917,49.050000,0.000000,0.000000,cpu,0,0
1790531886.292014,47.950000,0.000000,0.000000,cpu,0,0
1790531886.392109,49.600000,0.000000,0.000000,cpu,0,0
1790531886.492204,49.600000,0.000000,0.000000,cpu,0,0
1790531886.592298,49.050000,0.000000,0.000000,cpu,0,0
1790531886.692405,49.050000,0.000000,0.000000,cpu,0,0
1790531886.792553,50.150000,0.000000,0.000000,cpu,0,0
1790531886.892686,49.050000,0.000000,0.000000,cpu,0,0
1790531886.992790,49.050000,0.000000,0.000000,cpu,0,0
1790531887.092894,48.500000,0.000000,0.000000,cpu,0,0
1790531887.192996,49.050000,0.000000,0.000000,cpu,0,0
1790531887.293098,49.050000,0.000000,0.000000,cpu,0,0
1790531887.393199,49.600000,0.000000,0.000000,cpu,0,0
1790531887.493309,49.050000,0.000000,0.000000,cpu,0,0
1790531887.593421,49.600000,0.000000,0.000000,cpu,0,0
1790531887.693536,48.500000,0.000000,0.000000,cpu,0,0
1790531887.793644,49.600000,0.000000,0.000000,cpu,0,0
1790531887.893746,49.050000,0.000000,0.000000,cpu,0,0
1790531887.993845,49.050000,0.000000,0.000000,cpu,0,0
1790531888.093948,49.050000,0.000000,0.000000,cpu,0,0
1790531888.194049,49.050000,0.000000,0.000000,cpu,0,0
1790531888.294151,48.500000,0.000000,0.000000,cpu,0,0
1790531888.394252,49.050000,0.000000,0.000000,cpu,0,0
1790531888.494353,49.050000,0.000000,0.000000,cpu,0,0
1790531888.594453,49.600000,0.000000,0.000000,cpu,0,0
1790531888.694563,49.600000,0.000000,0.000000,cpu,0,0
1790531888.794675,49.050000,0.000000,0.000000,cpu,0,0
1790531888.894777,49.050000,0.000000,0.000000,cpu,0,0
1790531888.994878,49.050000,0.000000,0.000000,cpu,0,0
1790531889.094980,49.050000,0.000000,0.000000,cpu,0,0
1790531889.195080,49.600000,0.000000,0.000000,cpu,0,0
1790531889.295182,47.950000,0.000000,0.000000,cpu,0,0
1790531889.395283,48.500000,0.000000,0.000000,cpu,0,0
1790531889.495384,49.050000,0.000000,0.000000,cpu,0,0
1790531889.595482,48.500000,0.000000,0.000000,cpu,0,0
1790531889.695609,48.500000,0.000000,0.000000,cpu,0,0
1790531889.795813,49.050000,0.000000,0.000000,cpu,0,0
1790531889.895970,47.950000,0.000000,0.000000,cpu,0,0
1790531889.996072,49.600000,0.000000,0.000000,cpu,0,0
1790531890.096175,49.600000,0.000000,0.000000,cpu,0,0
1790531890.196276,49.050000,0.000000,0.000000,cpu,0,0
1790531890.296378,49.050000,0.000000,0.000000,cpu,0,0
1790531890.396486,49.050000,0.000000,0.000000,cpu,0,0
1790531890.496588,49.050000,0.000000,0.000000,cpu,0,0
1790531890.596689,49.600000,0.000000,0.000000,cpu,0,0
1790531890.696800,49.050000,0.000000,0.000000,cpu,0,0
1790531890.796915,49.050000,0.000000,0.000000,cpu,0,0
1790531890.897027,49.050000,0.000000,0.000000,cpu,0,0
1790531890.997130,48.500000,0.000000,0.000000,cpu,0,0
1790531891.097232,48.500000,0.000000,0.000000,cpu,0,0
1790531891.197334,49.600000,0.000000,0.000000,cpu,0,0
1790531891.297435,49.050000,0.000000,0.000000,cpu,0,0
1790531891.397536,49.600000,0.000000,0.000000,cpu,0,0
1790531891.497637,49.050000,0.000000,0.000000,cpu,0,0
1790531891.597738,49.050000,0.000000,0.000000,cpu,0,0
1790531891.697849,47.950000,0.000000,0.000000,cpu,0,0
1790531891.797959,49.050000,0.000000,0.000000,cpu,0,0
1790531891.898063,49.050000,0.000000,0.000000,cpu,0,0
1790531891.998162,49.050000,0.000000,0.000000,cpu,0,0
1790531892.098267,49.050000,0.000000,0.000000,cpu,0,0
1790531892.198369,49.050000,0.000000,0.000000,cpu,0,0
1790531892.298470,49.050000,0.000000,0.000000,cpu,0,0
1790531892.398572,49.600000,0.000000,0.000000,cpu,0,0
1790531892.498672,49.050000,0.000000,0.000000,cpu,0,0
1790531892.598774,49.050000,0.000000,0.000000,cpu,0,0
1790531892.698887,49.050000,0.000000,0.000000,cpu,0,0
1790531892.799042,49.600000,0.000000,0.000000,cpu,0,0
1790531892.899176,48.500000,0.000000,0.000000,cpu,0,0
1790531892.999281,49.050000,0.000000,0.000000,cpu,0,0
1790531893.099385,49.050000,0.000000,0.000000,cpu,0,0
1790531893.199487,50.150000,0.000000,0.000000,cpu,0,0
1790531893.299587,50.150000,0.000000,0.000000,cpu,0,0
1790531893.399689,49.050000,0.000000,0.000000,cpu,0,0
1790531893.499789,49.050000,0.000000,0.000000,cpu,0,0
1790531893.599889,48.500000,0.000000,0.000000,cpu,0,0
1790531893.699998,49.050000,0.000000,0.000000,cpu,0,0
1790531893.800109,49.600000,0.000000,0.000000,cpu,0,0
1790531893.900214,49.600000,0.000000,0.000000,cpu,0,0
1790531894.000311,49.050000,0.000000,0.000000,cpu,0,0
1790531894.100412,49.050000,0.000000,0.000000,cpu,0,0
1790531894.200513,49.050000,0.000000,0.000000,cpu,0,0
1790531894.300611,49.600000,0.000000,0.000000,cpu,0,0
1790531894.400713,49.050000,0.000000,0.000000,cpu,0,0
1790531894.500812,49.050000,0.000000,0.000000,cpu,0,0
1790531894.600913,47.950000,0.000000,0.000000,cpu,0,0
